frame_number,timestamp_sec,object_id,class_name,confidence,bbox_x1,bbox_y1,bbox_x2,bbox_y2
1,0.04,1,player,0.7722,416.61,375.32,447.06,398.44
1,0.04,2,player,0.6531,391.81,435.72,444.02,470.3
1,0.04,3,player,0.5907,569.98,0.3,590.76,25.44
1,0.04,4,player,0.577,450.8,315.82,494.85,342.33
1,0.04,5,player,0.5606,1194.57,142.52,1257.78,163.97
1,0.04,6,player,0.5594,550.75,221.22,571.7,246.94
1,0.04,7,player,0.505,556.59,363.26,584.18,384.07
1,0.04,8,player,0.4213,44.89,137.02,84.93,159.19
1,0.04,9,player,0.384,572.59,316.72,600.26,334.24
1,0.04,10,player,0.2915,36.39,91.91,78.07,116.84
1,0.04,11,player,0.2668,653.13,339.35,672.26,370.27
2,0.09,1,player,0.6533,408.49,375.47,443.41,402.12
2,0.09,2,player,0.7737,390.16,430.15,449.09,469.23
2,0.09,3,player,0.6936,570.15,0.35,590.52,25.0
2,0.09,4,player,0.2831,446.92,316.34,488.82,341.52
2,0.09,5,player,0.3153,1194.72,141.88,1257.77,163.29
2,0.09,6,player,0.399,546.28,220.91,567.71,246.95
2,0.09,8,player,0.2365,44.65,136.28,85.37,158.83
2,0.09,10,player,0.2392,36.38,91.56,78.09,116.5
2,0.09,11,player,0.4898,650.34,339.67,669.7,370.99
3,0.13,1,player,0.6149,402.06,375.41,439.02,403.9
3,0.13,2,player,0.7514,391.08,429.78,448.66,468.03
3,0.13,3,player,0.7103,570.46,0.33,590.52,24.62
3,0.13,4,player,0.4685,441.98,318.04,481.11,341.5
3,0.13,5,player,0.2752,1194.05,141.5,1258.27,163.32
3,0.13,6,player,0.6873,544.48,221.12,566.11,246.88
4,0.17,2,player,0.7804,390.44,427.03,448.38,465.69
4,0.17,3,player,0.4827,570.66,0.28,590.48,24.26
4,0.17,4,player,0.7282,435.52,319.39,471.66,341.03
4,0.17,5,player,0.3682,1194.83,140.97,1257.59,162.28
4,0.17,6,player,0.4656,543.89,221.67,565.25,246.44
5,0.22,2,player,0.8148,390.02,424.39,446.51,462.34
5,0.22,3,player,0.5602,570.74,0.26,590.36,23.98
5,0.22,5,player,0.506,1194.44,140.83,1258.04,162.44
5,0.22,1,player,0.426,392.69,374.53,428.27,402.4
6,0.26,2,player,0.8427,390.08,422.9,445.73,460.61
6,0.26,3,player,0.4474,570.92,0.27,590.46,23.85
6,0.26,5,player,0.2497,1193.21,140.46,1259.26,162.99
6,0.26,6,player,0.4478,542.5,221.57,564.17,246.0
7,0.3,2,player,0.8461,390.99,423.45,445.61,460.91
7,0.3,3,player,0.3207,570.99,0.26,590.6,23.89
7,0.3,6,player,0.3321,541.26,221.36,563.53,245.81
7,0.3,1,player,0.5416,383.93,372.5,418.04,399.74
8,0.35,2,player,0.8371,391.88,423.82,445.42,461.04
8,0.35,3,player,0.217,571.07,0.22,590.56,23.65
8,0.35,6,player,0.4312,538.92,220.92,561.79,245.56
8,0.35,1,player,0.4418,380.07,372.73,410.29,397.35
8,0.35,4,player,0.7457,406.69,321.22,448.04,346.26
9,0.39,2,player,0.8545,392.82,425.07,443.05,460.33
9,0.39,3,player,0.4159,571.03,0.19,590.38,23.36
9,0.39,1,player,0.7032,376.06,372.68,403.89,395.83
9,0.39,4,player,0.7692,398.98,320.88,440.82,346.68
10,0.43,2,player,0.79,394.17,426.89,440.39,459.47
10,0.43,3,player,0.4011,570.89,0.19,590.17,23.2
11,0.48,2,player,0.8344,393.47,427.34,437.92,458.87
11,0.48,3,player,0.4324,570.86,0.2,590.01,22.94
11,0.48,1,player,0.6234,370.62,372.56,397.1,394.7
11,0.48,4,player,0.544,387.58,323.05,426.7,347.66
12,0.52,2,player,0.7735,392.56,427.66,435.44,458.11
12,0.52,3,player,0.2215,570.65,0.17,589.99,23.04
12,0.52,1,player,0.7334,368.27,373.27,393.24,394.11
13,0.57,2,player,0.8075,391.72,427.38,433.53,457.13
13,0.57,3,player,0.3444,570.48,0.16,589.78,22.83
13,0.57,1,player,0.7571,365.73,373.63,389.48,393.29
13,0.57,4,player,0.615,381.26,322.1,412.77,342.1
14,0.61,2,player,0.7828,391.52,428.11,431.7,456.47
14,0.61,3,player,0.2962,570.31,0.16,589.52,22.57
14,0.61,1,player,0.7957,362.45,373.57,386.57,393.48
14,0.61,26,player,0.6866,490.83,356.32,516.64,387.12
14,0.61,28,player,0.4028,1221.46,608.83,1274.64,633.42
15,0.65,2,player,0.7691,391.97,429.08,429.4,455.02
15,0.65,3,player,0.2663,570.27,0.16,589.5,22.45
15,0.65,1,player,0.7366,359.58,373.09,384.03,393.34
15,0.65,26,player,0.6742,487.84,355.7,514.15,387.04
15,0.65,28,player,0.4021,1221.72,608.85,1274.53,633.25
15,0.65,29,player,0.341,1215.83,626.42,1272.78,654.6
16,0.7,2,player,0.7863,392.31,429.86,428.22,454.09
16,0.7,1,player,0.7642,357.09,372.61,382.85,393.92
16,0.7,26,player,0.7138,482.61,355.4,510.53,388.55
16,0.7,28,player,0.4531,1221.03,608.62,1274.64,633.38
16,0.7,29,player,0.4906,1216.38,626.82,1272.18,654.42
17,0.74,2,player,0.7742,391.92,429.55,427.72,452.96
17,0.74,1,player,0.7555,355.27,372.33,381.83,394.06
17,0.74,26,player,0.6888,478.63,355.43,507.25,389.32
17,0.74,28,player,0.5232,1221.14,608.47,1274.6,633.13
17,0.74,29,player,0.6278,1216.5,626.74,1272.03,654.18
18,0.78,2,player,0.5951,391.09,428.97,428.5,452.76
18,0.78,1,player,0.793,353.55,371.72,380.88,393.75
18,0.78,26,player,0.5292,475.62,355.47,504.14,389.39
18,0.78,28,player,0.4392,1221.06,608.61,1274.78,633.39
18,0.78,29,player,0.5907,1216.83,626.85,1271.85,654.0
18,0.78,3,player,0.3167,570.22,0.11,589.77,22.61
19,0.83,2,player,0.4646,389.2,426.82,430.58,452.66
19,0.83,1,player,0.8604,352.54,371.08,380.78,393.54
19,0.83,26,player,0.6449,472.84,355.63,501.87,390.42
19,0.83,28,player,0.4276,1220.6,609.06,1273.58,633.37
19,0.83,29,player,0.5386,1216.65,626.6,1271.97,653.85
19,0.83,3,player,0.3219,570.17,0.1,589.87,22.64
20,0.87,2,player,0.6314,387.41,422.97,434.57,452.02
20,0.87,1,player,0.7507,351.41,370.38,381.6,393.89
20,0.87,26,player,0.3777,470.63,355.95,500.64,392.35
20,0.87,28,player,0.3178,1220.25,609.15,1273.27,633.37
20,0.87,29,player,0.4527,1216.45,626.35,1272.19,653.75
20,0.87,3,player,0.3051,570.12,0.1,589.95,22.66
21,0.91,2,player,0.7811,378.5,421.85,423.51,450.66
21,0.91,1,player,0.819,349.24,370.18,380.57,394.06
21,0.91,26,player,0.6839,469.17,358.14,498.44,394.08
21,0.91,28,player,0.2917,1219.83,609.04,1273.24,633.31
21,0.91,29,player,0.5075,1216.35,626.27,1272.26,653.7
21,0.91,3,player,0.3079,570.07,0.1,590.0,22.67
22,0.96,2,player,0.6071,375.45,421.6,417.76,449.51
22,0.96,1,player,0.2511,346.69,370.39,378.59,394.46
22,0.96,28,player,0.3851,1219.51,609.02,1273.25,633.31
22,0.96,29,player,0.5383,1216.45,626.29,1272.35,653.64
22,0.96,3,player,0.2905,570.0,0.1,590.05,22.69
22,0.96,32,player,0.6449,416.94,426.67,445.59,448.75
23,1.0,2,player,0.775,374.04,421.68,414.72,449.15
23,1.0,1,player,0.733,343.91,370.55,375.56,394.3
23,1.0,28,player,0.4127,1219.35,608.85,1273.5,633.21
23,1.0,29,player,0.5026,1216.41,626.29,1272.47,653.65
23,1.0,3,player,0.2823,569.95,0.1,590.08,22.7
23,1.0,32,player,0.7572,418.41,425.77,447.83,448.37
23,1.0,6,player,0.3784,526.13,216.52,545.53,236.15
23,1.0,26,player,0.8555,466.87,366.33,493.99,399.76
24,1.04,2,player,0.7572,373.24,424.06,412.72,451.18
24,1.04,1,player,0.4149,340.3,370.37,371.78,394.15
24,1.04,28,player,0.4657,1219.5,609.0,1273.63,633.25
24,1.04,29,player,0.5631,1216.23,626.14,1272.69,653.64
24,1.04,3,player,0.2859,569.91,0.1,590.12,22.71
24,1.04,32,player,0.7575,418.85,424.56,450.06,448.46
24,1.04,26,player,0.7896,466.37,371.7,491.84,403.06
25,1.09,2,player,0.8348,373.02,425.27,411.82,452.24
25,1.09,1,player,0.8296,336.44,369.55,367.19,393.13
25,1.09,28,player,0.4847,1219.37,609.02,1273.77,633.28
25,1.09,29,player,0.5452,1216.18,626.14,1272.77,653.63
25,1.09,3,player,0.2756,569.88,0.1,590.15,22.7
25,1.09,32,player,0.7829,421.16,424.25,452.63,448.32
25,1.09,26,player,0.8514,465.86,376.36,489.48,405.05
26,1.13,2,player,0.7562,373.22,426.24,411.58,453.16
26,1.13,1,player,0.8644,333.48,367.91,364.7,392.16
26,1.13,28,player,0.5777,1219.4,609.15,1273.65,633.24
26,1.13,29,player,0.6644,1216.02,626.12,1272.99,653.75
26,1.13,3,player,0.415,569.83,0.13,590.02,22.54
26,1.13,32,player,0.7878,421.76,423.52,454.34,448.62
26,1.13,26,player,0.7696,466.23,379.65,487.84,405.05
27,1.17,2,player,0.7863,373.59,427.05,411.75,454.04
27,1.17,1,player,0.7637,331.35,366.75,363.25,391.7
27,1.17,28,player,0.4743,1219.84,609.27,1273.69,633.09
27,1.17,29,player,0.6404,1215.8,626.08,1273.32,653.96
27,1.17,3,player,0.4044,569.79,0.11,590.14,22.64
27,1.17,32,player,0.802,421.97,422.82,456.94,450.1
27,1.17,26,player,0.4526,466.59,381.98,487.69,406.0
28,1.22,2,player,0.4948,374.35,428.09,411.3,454.42
28,1.22,28,player,0.3768,1220.38,609.33,1273.91,632.96
28,1.22,29,player,0.5378,1215.64,626.06,1273.6,654.16
28,1.22,3,player,0.3886,569.82,0.11,590.21,22.68
28,1.22,32,player,0.6949,421.52,422.55,458.0,451.63
29,1.26,2,player,0.7975,374.57,427.69,412.22,454.9
29,1.26,28,player,0.3252,1221.52,609.41,1274.46,632.8
29,1.26,29,player,0.5838,1215.46,626.04,1273.84,654.36
29,1.26,3,player,0.3541,569.87,0.1,590.31,22.71
29,1.26,32,player,0.8004,421.71,422.37,458.22,452.34
29,1.26,1,player,0.5999,328.03,363.76,361.67,390.04
29,1.26,26,player,0.4116,466.77,385.35,489.45,410.34
30,1.3,2,player,0.8287,374.33,426.07,413.8,455.36
30,1.3,28,player,0.2555,1222.58,609.5,1274.9,632.67
30,1.3,29,player,0.4944,1215.36,625.99,1274.0,654.47
30,1.3,3,player,0.2242,569.78,0.1,590.3,22.75
30,1.3,32,player,0.8531,423.86,422.65,459.88,452.81
30,1.3,1,player,0.5866,327.02,362.93,360.62,388.89
30,1.3,26,player,0.687,467.19,386.97,490.23,411.68
31,1.35,2,player,0.8342,374.9,425.49,414.75,455.99
31,1.35,28,player,0.2022,1221.92,608.77,1275.5,632.6
31,1.35,29,player,0.3761,1215.3,625.99,1274.07,654.56
31,1.35,3,player,0.2635,569.77,0.1,590.34,22.76
31,1.35,32,player,0.8704,425.37,422.83,461.71,453.77
31,1.35,1,player,0.7228,326.37,362.0,360.12,387.7
31,1.35,26,player,0.5128,467.99,388.26,490.75,412.03
32,1.39,2,player,0.852,376.02,425.72,415.17,456.62
32,1.39,29,player,0.2474,1215.31,626.07,1274.19,654.72
32,1.39,3,player,0.2214,569.76,0.1,590.46,22.82
32,1.39,32,player,0.8799,427.07,423.31,463.96,455.06
32,1.39,1,player,0.7371,326.26,362.22,359.2,386.71
32,1.39,26,player,0.4205,467.32,388.75,490.77,412.66
32,1.39,8,player,0.336,45.25,132.12,88.26,156.88
33,1.43,2,player,0.8398,377.26,426.56,415.24,457.26
33,1.43,29,player,0.2253,1215.24,626.07,1274.28,654.85
33,1.43,3,player,0.2275,569.69,0.1,590.62,23.03
33,1.43,32,player,0.8566,428.24,423.37,466.54,456.79
33,1.43,1,player,0.7815,324.59,361.36,358.68,386.28
33,1.43,26,player,0.6542,466.31,388.58,491.35,413.69
33,1.43,38,player,0.6409,807.52,256.49,832.82,284.8
33,1.43,8,player,0.3795,45.95,132.75,87.56,157.2
34,1.48,2,player,0.8489,379.18,428.58,416.0,458.74
34,1.48,3,player,0.2984,569.6,0.13,590.48,22.96
34,1.48,32,player,0.8555,430.62,424.72,468.7,458.6
34,1.48,1,player,0.7726,322.5,360.33,357.97,386.01
34,1.48,26,player,0.4095,465.59,387.27,492.2,413.78
34,1.48,38,player,0.2595,807.64,257.78,832.58,285.71
34,1.48,8,player,0.3209,47.32,134.41,86.37,157.37
35,1.52,2,player,0.8546,381.15,431.34,416.47,460.46
35,1.52,3,player,0.2883,569.47,0.14,590.44,23.01
35,1.52,32,player,0.836,433.8,426.82,470.87,460.83
35,1.52,1,player,0.7752,319.84,358.8,357.13,385.79
35,1.52,26,player,0.3752,465.31,386.02,492.9,413.58
35,1.52,38,player,0.2832,807.17,258.67,832.34,286.89
35,1.52,8,player,0.283,47.68,134.9,85.95,157.43
36,1.57,2,player,0.8354,383.19,433.47,418.28,462.55
36,1.57,3,player,0.2951,569.43,0.14,590.42,22.97
36,1.57,32,player,0.8037,439.72,429.65,475.2,463.32
36,1.57,1,player,0.747,317.64,357.87,354.78,384.76
36,1.57,26,player,0.3345,466.06,385.28,493.04,412.15
36,1.57,38,player,0.2367,807.11,259.7,832.13,287.79
36,1.57,8,player,0.2737,47.53,135.14,85.68,157.58
37,1.61,2,player,0.8391,386.81,436.07,420.31,463.83
37,1.61,3,player,0.3071,569.4,0.13,590.44,22.96
37,1.61,32,player,0.7784,446.97,433.6,480.58,465.88
37,1.61,1,player,0.7654,315.41,356.58,352.37,383.49
37,1.61,26,player,0.2824,467.57,384.78,493.94,411.06
37,1.61,8,player,0.3267,47.59,135.41,85.5,157.69
37,1.61,42,player,0.4442,330.62,291.28,361.7,313.37
37,1.61,29,player,0.2512,1215.98,626.57,1273.96,654.82
38,1.65,2,player,0.8315,390.41,438.3,423.27,465.61
38,1.65,3,player,0.3174,569.77,0.13,590.78,22.99
38,1.65,32,player,0.8516,451.02,436.41,483.37,467.64
38,1.65,1,player,0.7922,313.53,356.01,349.87,382.7
38,1.65,26,player,0.3478,466.54,384.73,494.35,412.47
38,1.65,8,player,0.2011,47.79,135.64,85.43,157.69
38,1.65,42,player,0.6153,329.99,291.18,360.6,312.95
38,1.65,43,player,0.5205,591.91,409.81,613.28,437.69
38,1.65,29,player,0.287,1216.16,626.68,1273.94,654.84
39,1.7,2,player,0.8304,393.87,439.97,425.91,466.84
39,1.7,3,player,0.2554,569.94,0.13,590.92,23.02
39,1.7,32,player,0.8707,454.98,438.41,487.0,468.71
39,1.7,1,player,0.8806,311.59,356.04,346.78,382.35
39,1.7,26,player,0.3484,466.95,384.7,494.86,412.57
39,1.7,42,player,0.2067,329.36,291.3,359.97,313.08
39,1.7,43,player,0.5588,591.71,408.77,613.94,437.77
39,1.7,29,player,0.2441,1216.37,626.84,1273.88,654.85
40,1.74,2,player,0.8066,395.8,440.21,428.05,467.65
40,1.74,3,player,0.2777,570.07,0.13,591.0,23.02
40,1.74,32,player,0.7946,457.64,440.64,489.37,469.86
40,1.74,1,player,0.7829,310.15,355.56,345.68,382.52
40,1.74,26,player,0.2722,468.32,385.02,495.38,412.23
40,1.74,42,player,0.4713,329.14,291.39,359.92,313.34
41,1.78,2,player,0.8018,396.9,439.6,430.13,468.43
41,1.78,3,player,0.2769,570.12,0.09,591.18,23.19
41,1.78,32,player,0.844,459.82,443.06,491.22,471.29
41,1.78,1,player,0.7917,309.12,355.34,344.61,382.71
41,1.78,26,player,0.3918,469.54,385.25,496.06,412.26
41,1.78,42,player,0.3608,329.35,291.13,360.44,313.39
41,1.78,8,player,0.3163,47.3,134.82,86.16,157.55
42,1.83,2,player,0.7993,398.79,438.97,432.59,469.02
42,1.83,3,player,0.3208,570.03,0.1,591.04,23.17
42,1.83,32,player,0.8409,461.9,445.57,493.43,473.41
42,1.83,1,player,0.7287,308.45,355.23,344.0,383.04
42,1.83,26,player,0.36,468.48,385.61,495.29,412.83
42,1.83,8,player,0.3924,46.83,134.29,86.53,157.52
43,1.87,2,player,0.8552,401.43,438.51,435.92,470.28
43,1.87,3,player,0.2557,570.02,0.11,590.98,23.15
43,1.87,32,player,0.8419,463.84,447.79,495.59,475.58
43,1.87,1,player,0.7462,308.6,355.73,343.59,383.38
43,1.87,26,player,0.3646,468.43,387.18,494.21,413.24
43,1.87,8,player,0.2157,46.3,133.86,86.7,157.52
43,1.87,43,player,0.5887,594.32,421.15,610.24,441.13
44,1.91,2,player,0.8191,404.7,439.28,438.53,471.46
44,1.91,3,player,0.2517,570.03,0.11,590.95,23.14
44,1.91,32,player,0.8079,466.11,450.26,498.15,478.22
44,1.91,1,player,0.658,309.12,356.29,343.14,383.39
44,1.91,26,player,0.3525,468.72,389.24,493.98,414.64
45,1.96,2,player,0.8363,407.84,440.66,440.65,472.53
45,1.96,3,player,0.2829,570.12,0.11,590.99,23.13
45,1.96,32,player,0.7834,468.05,453.2,500.61,481.66
45,1.96,1,player,0.6352,310.39,357.44,342.68,383.28
45,1.96,8,player,0.2581,45.78,133.66,86.88,157.75
46,2.0,2,player,0.8354,410.49,443.02,442.3,474.15
46,2.0,3,player,0.3408,570.16,0.15,591.01,23.22
46,2.0,32,player,0.762,469.05,456.04,502.71,485.66
46,2.0,1,player,0.5707,311.35,358.42,342.35,383.35
46,2.0,43,player,0.7311,595.34,423.94,616.13,448.89
46,2.0,26,player,0.4278,466.45,393.27,491.16,419.16
47,2.04,2,player,0.8481,413.65,444.99,445.43,475.68
47,2.04,3,player,0.3586,570.2,0.16,590.99,23.22
47,2.04,32,player,0.8043,469.6,457.64,503.58,487.89
47,2.04,1,player,0.6508,312.8,360.06,341.66,383.28
47,2.04,43,player,0.7659,594.79,424.3,617.07,449.96
47,2.04,26,player,0.5596,465.81,394.07,490.04,420.53
48,2.09,2,player,0.8179,416.86,446.03,449.39,477.11
48,2.09,3,player,0.3381,570.25,0.16,590.97,23.22
48,2.09,32,player,0.8021,471.29,460.92,504.44,490.61
48,2.09,1,player,0.4694,313.3,360.71,341.75,383.64
48,2.09,43,player,0.6926,593.78,424.56,618.43,452.2
48,2.09,26,player,0.4488,467.9,395.56,493.01,422.98
49,2.13,2,player,0.7987,419.47,447.54,451.84,478.62
49,2.13,3,player,0.3721,570.27,0.16,590.95,23.21
49,2.13,32,player,0.8076,472.71,464.58,504.97,493.44
49,2.13,1,player,0.5208,313.85,361.41,341.72,383.87
49,2.13,43,player,0.7338,594.05,425.46,619.72,453.35
49,2.13,26,player,0.4006,469.31,396.42,493.56,422.66
50,2.17,2,player,0.6635,423.85,448.89,455.68,479.73
50,2.17,3,player,0.3991,570.22,0.16,590.97,23.36
50,2.17,32,player,0.7657,473.74,467.66,505.45,495.94
50,2.17,43,player,0.5391,595.04,426.46,622.38,455.52
50,2.17,26,player,0.2625,469.99,397.14,493.48,422.14
51,2.22,2,player,0.6293,428.33,449.44,460.45,480.98
51,2.22,3,player,0.3537,570.19,0.16,591.01,23.49
51,2.22,32,player,0.4775,474.7,470.42,505.48,497.75
51,2.22,43,player,0.4425,597.39,428.18,625.45,457.61
52,2.26,3,player,0.3097,570.19,0.16,591.03,23.57
52,2.26,32,player,0.4985,475.59,472.87,505.46,499.28
52,2.26,51,player,0.4222,46.76,0.26,81.25,26.71
53,2.3,3,player,0.3389,570.21,0.15,591.02,23.58
53,2.3,51,player,0.4514,46.78,0.27,81.23,26.69
54,2.35,3,player,0.3029,570.23,0.15,591.01,23.56
54,2.35,51,player,0.3494,46.58,0.28,81.35,26.95
55,2.39,3,player,0.2422,570.24,0.15,590.98,23.54
55,2.39,51,player,0.2263,46.5,0.36,81.34,27.08
55,2.39,29,player,0.2455,1216.25,627.14,1273.26,654.78
55,2.39,2,player,0.3394,444.71,455.1,474.58,483.38
56,2.43,3,player,0.2421,570.24,0.16,590.95,23.52
57,2.48,3,player,0.2073,570.26,0.15,590.97,23.53
57,2.48,43,player,0.5999,611.33,441.5,633.72,464.92
57,2.48,2,player,0.2626,450.18,457.5,480.33,485.3
58,2.52,3,player,0.2538,570.25,0.15,590.91,23.49
58,2.52,57,player,0.4206,460.79,124.25,495.53,151.0
59,2.57,3,player,0.2573,570.28,0.16,590.92,23.49
60,2.61,3,player,0.2941,570.29,0.17,590.87,23.46
61,2.65,3,player,0.328,570.27,0.17,590.82,23.43
61,2.65,60,player,0.3862,793.11,637.07,821.97,665.81
61,2.65,2,player,0.4143,466.14,462.6,494.78,489.61
62,2.7,3,player,0.5166,570.15,0.21,590.54,23.25
62,2.7,60,player,0.339,793.12,637.12,821.96,665.86
62,2.7,61,player,0.673,473.85,398.52,507.91,419.93
62,2.7,2,player,0.65,469.93,462.75,498.76,490.42
62,2.7,29,player,0.2929,1216.28,627.33,1273.19,654.78
63,2.74,3,player,0.4852,570.11,0.21,590.45,23.17
63,2.74,60,player,0.3632,793.16,637.17,821.98,665.87
63,2.74,61,player,0.481,474.42,399.63,507.98,420.76
63,2.74,2,player,0.5877,470.55,463.84,514.07,506.74
63,2.74,29,player,0.2083,1216.22,627.38,1273.24,654.75
64,2.78,3,player,0.4582,570.07,0.22,590.42,23.16
64,2.78,61,player,0.2043,475.05,400.31,509.71,422.25
64,2.78,2,player,0.5232,471.5,465.13,517.07,511.68
64,2.78,29,player,0.2207,1216.14,627.36,1273.31,654.73
64,2.78,65,player,0.677,573.12,171.67,602.02,195.94
65,2.83,3,player,0.4167,570.09,0.22,590.48,23.17
65,2.83,61,player,0.3952,475.31,400.75,511.02,423.58
65,2.83,2,player,0.5837,474.72,467.29,515.79,510.47
65,2.83,29,player,0.2761,1216.11,627.41,1273.32,654.71
65,2.83,65,player,0.7558,576.93,171.54,602.98,193.28
65,2.83,60,player,0.2777,793.18,637.23,821.94,665.87
66,2.87,3,player,0.5239,570.01,0.22,590.45,23.18
66,2.87,61,player,0.5355,474.91,401.12,511.74,424.96
66,2.87,2,player,0.5683,479.8,467.78,516.3,505.49
66,2.87,65,player,0.5713,580.35,171.39,605.13,191.78
66,2.87,60,player,0.2486,793.19,637.22,821.98,665.89
67,2.91,3,player,0.4776,569.99,0.21,590.48,23.18
67,2.91,61,player,0.4188,474.1,401.28,512.76,426.72
67,2.91,65,player,0.7465,582.64,171.02,607.65,191.21
67,2.91,51,player,0.4292,46.4,0.78,81.32,27.46
68,2.96,3,player,0.4522,569.99,0.17,590.62,23.28
68,2.96,61,player,0.5921,473.28,401.22,513.58,428.26
68,2.96,65,player,0.773,584.38,170.62,609.8,190.66
68,2.96,51,player,0.4056,45.53,0.8,81.87,28.67
68,2.96,8,player,0.3686,41.89,136.18,81.77,158.56
68,2.96,43,player,0.7289,624.08,461.75,650.26,489.3
68,2.96,2,player,0.4422,477.48,466.94,526.71,519.07
68,2.96,60,player,0.2211,793.05,637.11,822.01,665.97
69,3.0,3,player,0.3351,569.99,0.17,590.73,23.37
69,3.0,61,player,0.6196,472.7,401.45,514.4,430.1
69,3.0,65,player,0.7643,585.97,170.42,612.29,190.8
69,3.0,51,player,0.2619,45.01,0.81,82.19,29.54
69,3.0,70,player,0.4168,378.16,254.46,400.67,279.87
69,3.0,8,player,0.2894,41.28,136.23,82.14,158.38
69,3.0,43,player,0.4297,628.04,464.13,651.9,489.73
69,3.0,2,player,0.7816,477.32,465.93,529.26,522.64
69,3.0,60,player,0.3739,793.03,637.09,822.01,665.98
70,3.04,3,player,0.3054,570.07,0.2,590.74,23.34
70,3.04,61,player,0.6147,473.0,402.78,514.49,432.01
70,3.04,65,player,0.4423,587.09,169.91,615.4,191.7
70,3.04,51,player,0.3114,45.55,0.78,81.65,28.59
70,3.04,70,player,0.3765,381.92,253.47,404.02,278.23
70,3.04,60,player,0.3307,793.05,637.11,822.04,666.02
71,3.09,3,player,0.3267,570.03,0.19,590.83,23.46
71,3.09,61,player,0.7744,473.78,406.13,513.88,435.06
71,3.09,65,player,0.7772,588.59,169.39,618.81,192.76
71,3.09,51,player,0.2373,45.66,0.82,81.63,28.47
71,3.09,70,player,0.7385,385.13,252.11,407.68,277.01
71,3.09,60,player,0.2917,793.06,637.11,822.03,666.02
71,3.09,71,player,0.4677,487.64,465.04,522.79,496.3
71,3.09,8,player,0.2562,40.87,135.98,82.59,158.1
72,3.13,3,player,0.3794,570.0,0.2,590.76,23.41
72,3.13,61,player,0.6515,475.13,410.09,513.45,438.37
72,3.13,65,player,0.2678,589.86,168.83,621.94,194.01
72,3.13,51,player,0.2034,44.96,0.8,82.21,29.53
72,3.13,70,player,0.7285,388.12,251.54,410.78,276.13
72,3.13,60,player,0.3907,793.09,637.1,822.02,665.99
72,3.13,71,player,0.2795,488.36,465.3,523.96,497.04
72,3.13,8,player,0.2831,40.55,135.77,83.12,158.01
73,3.17,3,player,0.3682,569.98,0.18,590.86,23.51
73,3.17,61,player,0.6582,476.14,413.1,513.75,441.58
73,3.17,65,player,0.3375,590.91,168.14,623.51,194.23
73,3.17,51,player,0.2912,44.36,0.79,82.74,30.55
73,3.17,70,player,0.7041,390.02,251.32,412.68,275.47
73,3.17,60,player,0.2606,793.09,637.11,822.01,665.99
73,3.17,8,player,0.3812,40.44,135.67,83.33,157.8
73,3.17,73,player,0.7082,480.42,117.82,502.39,147.2
74,3.22,3,player,0.3871,569.97,0.2,590.75,23.4
74,3.22,61,player,0.4906,476.02,414.52,514.99,445.05
74,3.22,51,player,0.3209,44.42,0.74,82.37,30.26
74,3.22,70,player,0.4536,391.58,251.76,413.7,274.88
74,3.22,60,player,0.2497,793.1,637.13,822.0,665.99
74,3.22,8,player,0.5128,40.0,135.46,83.83,157.89
74,3.22,73,player,0.7047,481.8,117.47,503.79,146.89
74,3.22,29,player,0.2643,1216.12,627.25,1273.74,654.7
74,3.22,2,player,0.5959,490.79,475.33,529.2,517.03
75,3.26,3,player,0.3829,569.97,0.27,590.8,23.5
75,3.26,61,player,0.5088,475.23,415.14,515.31,447.86
75,3.26,51,player,0.2997,44.95,0.76,81.64,29.25
75,3.26,70,player,0.2743,393.32,251.97,414.87,274.13
75,3.26,60,player,0.2692,793.12,637.12,822.01,665.98
75,3.26,8,player,0.4275,39.58,135.12,84.55,158.03
75,3.26,73,player,0.7387,483.72,117.07,505.72,146.54
75,3.26,29,player,0.2765,1216.07,627.19,1273.84,654.69
75,3.26,2,player,0.4274,492.88,479.74,526.71,514.94
75,3.26,65,player,0.6262,594.24,166.77,624.47,191.51
76,3.3,3,player,0.3873,569.94,0.21,590.85,23.53
76,3.3,61,player,0.4076,474.8,415.69,514.81,449.84
76,3.3,51,player,0.3223,45.44,0.78,81.0,28.28
76,3.3,60,player,0.3533,793.15,637.12,822.02,665.97
76,3.3,8,player,0.3601,39.38,134.98,85.03,158.19
76,3.3,73,player,0.5164,486.29,117.02,508.14,146.22
76,3.3,29,player,0.2001,1216.11,627.23,1273.82,654.67
76,3.3,2,player,0.496,494.92,480.95,528.66,513.84
77,3.35,3,player,0.398,569.92,0.18,590.86,23.53
77,3.35,51,player,0.3669,45.45,0.76,80.92,28.12
77,3.35,60,player,0.4053,793.15,637.12,822.02,665.97
77,3.35,8,player,0.5427,39.16,134.96,85.42,158.44
77,3.35,73,player,0.7678,489.65,116.63,511.74,145.85
77,3.35,29,player,0.2186,1216.05,627.24,1273.83,654.7
77,3.35,2,player,0.7539,492.24,475.51,531.64,512.91
77,3.35,77,player,0.5626,353.28,377.08,384.11,403.72
78,3.39,3,player,0.4995,569.87,0.21,590.65,23.38
78,3.39,51,player,0.3611,45.65,0.8,80.84,27.86
78,3.39,60,player,0.2551,793.12,637.12,822.06,666.06
78,3.39,8,player,0.5419,39.2,134.69,85.6,158.19
78,3.39,73,player,0.4597,493.1,116.63,515.12,145.02
78,3.39,29,player,0.2092,1216.06,627.35,1273.71,654.72
78,3.39,2,player,0.7313,492.5,475.53,534.26,513.97
78,3.39,77,player,0.4982,355.11,378.05,386.75,405.3
79,3.43,3,player,0.4563,569.89,0.21,590.63,23.35
79,3.43,51,player,0.3119,45.87,0.89,80.68,27.55
79,3.43,60,player,0.2835,793.14,637.12,822.07,666.05
79,3.43,8,player,0.4116,39.3,134.59,85.68,158.03
79,3.43,73,player,0.6056,495.31,116.67,517.24,143.86
79,3.43,29,player,0.2009,1215.85,627.24,1273.84,654.8
79,3.43,2,player,0.772,492.0,474.76,538.89,517.14
79,3.43,77,player,0.7678,357.13,378.89,388.76,405.99
79,3.43,65,player,0.3817,596.22,165.01,627.96,191.92
80,3.48,3,player,0.4601,569.9,0.21,590.64,23.37
80,3.48,51,player,0.2659,45.32,0.92,81.01,28.24
80,3.48,60,player,0.37,793.17,637.13,822.08,666.05
80,3.48,8,player,0.3358,39.45,134.54,85.92,157.99
80,3.48,73,player,0.5011,496.47,116.67,518.66,142.88
80,3.48,29,player,0.2031,1215.4,627.06,1273.9,654.9
80,3.48,2,player,0.8064,490.42,476.76,538.95,520.08
80,3.48,77,player,0.8134,358.51,379.3,389.98,406.14
80,3.48,65,player,0.4833,597.73,164.6,629.29,192.05
80,3.48,61,player,0.7014,480.36,431.43,508.46,456.02
81,3.52,3,player,0.4382,569.88,0.21,590.61,23.36
81,3.52,51,player,0.3551,45.62,0.94,80.82,27.78
81,3.52,60,player,0.3233,793.2,637.14,822.11,666.02
81,3.52,8,player,0.3539,39.42,134.56,85.95,158.02
81,3.52,73,player,0.5071,496.79,116.65,520.21,143.06
81,3.52,29,player,0.2612,1215.34,626.96,1273.91,654.88
81,3.52,2,player,0.7804,490.27,478.74,538.89,521.86
81,3.52,77,player,0.8076,359.4,380.14,390.89,406.88
81,3.52,65,player,0.5119,598.89,164.24,630.22,192.05
81,3.52,61,player,0.205,481.72,437.07,505.1,457.72
82,3.57,3,player,0.4591,569.97,0.2,590.71,23.37
82,3.57,51,player,0.3341,45.73,0.89,80.77,27.57
82,3.57,60,player,0.3489,793.23,637.15,822.12,666.02
82,3.57,8,player,0.3717,39.26,134.5,86.07,158.09
82,3.57,2,player,0.8299,490.75,477.93,539.85,521.97
82,3.57,77,player,0.7769,360.28,381.11,391.59,407.63
82,3.57,65,player,0.6661,599.12,164.08,631.34,193.1
82,3.57,61,player,0.3752,481.58,440.42,503.35,459.75
82,3.57,70,player,0.7205,404.47,252.36,432.83,280.65
83,3.61,3,player,0.4432,570.09,0.18,590.91,23.48
83,3.61,51,player,0.2693,45.78,0.84,80.68,27.35
83,3.61,60,player,0.4045,793.3,637.07,822.22,665.96
83,3.61,8,player,0.3662,39.2,134.41,86.03,158.02
83,3.61,2,player,0.8479,495.08,477.63,541.47,519.93
83,3.61,77,player,0.768,361.43,382.48,391.63,407.98
83,3.61,65,player,0.7677,597.48,164.05,630.77,194.12
83,3.61,61,player,0.5838,479.93,442.07,503.54,463.36
83,3.61,84,player,0.6897,726.48,281.35,742.99,308.58
83,3.61,70,player,0.7384,405.73,252.4,435.77,281.3
83,3.61,73,player,0.3973,498.0,116.85,522.87,143.61
83,3.61,29,player,0.2211,1215.15,626.58,1274.07,654.71
84,3.65,3,player,0.4892,570.13,0.17,590.97,23.53
84,3.65,51,player,0.3173,45.74,0.79,80.74,27.34
84,3.65,60,player,0.551,793.31,637.13,822.19,665.95
84,3.65,8,player,0.4017,38.92,134.24,86.26,158.14
84,3.65,2,player,0.324,498.89,477.8,541.41,517.07
84,3.65,65,player,0.6527,592.44,164.16,633.59,202.36
84,3.65,84,player,0.6814,725.62,278.13,740.68,302.64
84,3.65,70,player,0.5517,407.04,252.76,438.41,282.01
84,3.65,87,player,0.4016,841.28,252.84,863.61,293.91
84,3.65,73,player,0.5418,498.47,116.73,524.68,144.12
84,3.65,29,player,0.4014,1215.29,626.58,1273.94,654.61
85,3.7,3,player,0.4298,570.21,0.19,590.89,23.42
85,3.7,51,player,0.2708,45.52,0.81,80.89,27.64
85,3.7,60,player,0.5971,793.36,637.05,822.27,665.9
85,3.7,8,player,0.4071,38.73,134.19,86.32,158.27
85,3.7,2,player,0.8071,501.24,477.95,541.41,515.46
85,3.7,65,player,0.7998,592.54,164.57,632.03,201.57
85,3.7,84,player,0.7525,724.23,273.36,738.84,296.63
85,3.7,70,player,0.6163,408.88,253.3,440.72,282.26
85,3.7,87,player,0.5171,841.15,252.46,863.78,294.09
85,3.7,29,player,0.3881,1215.59,626.74,1273.71,654.51
85,3.7,77,player,0.3182,362.56,382.97,392.64,408.43
86,3.74,3,player,0.3472,570.27,0.17,590.95,23.47
86,3.74,51,player,0.3034,45.64,0.78,80.89,27.5
86,3.74,60,player,0.6845,793.44,637.03,822.26,665.79
86,3.74,8,player,0.3904,38.66,134.16,86.19,158.24
86,3.74,2,player,0.8136,502.34,477.43,541.8,514.85
86,3.74,65,player,0.7238,592.66,165.23,631.97,202.54
86,3.74,84,player,0.5212,722.8,269.98,738.85,294.96
86,3.74,70,player,0.288,410.26,254.01,442.43,282.81
86,3.74,29,player,0.3973,1215.52,626.63,1273.68,654.44
86,3.74,91,player,0.6898,642.29,468.44,670.21,494.35
87,3.78,3,player,0.3188,570.28,0.19,590.84,23.37
87,3.78,51,player,0.3183,45.85,0.75,81.32,27.62
87,3.78,60,player,0.6377,793.45,637.08,822.19,665.72
87,3.78,8,player,0.4959,38.49,134.28,85.96,158.37
87,3.78,2,player,0.8868,503.46,476.96,542.09,514.15
87,3.78,65,player,0.6505,592.76,165.74,633.16,204.65
87,3.78,84,player,0.646,722.37,267.52,739.96,294.31
87,3.78,70,player,0.7361,411.39,254.52,443.8,283.32
87,3.78,29,player,0.4864,1215.51,626.53,1273.65,654.36
87,3.78,91,player,0.555,645.63,468.42,671.58,492.52
88,3.83,3,player,0.3533,570.3,0.17,590.9,23.44
88,3.83,51,player,0.2429,45.93,0.87,81.63,27.96
88,3.83,60,player,0.6507,793.49,637.0,822.25,665.66
88,3.83,8,player,0.5643,38.62,134.34,85.73,158.28
88,3.83,2,player,0.847,504.97,476.16,543.76,513.99
88,3.83,65,player,0.6759,592.34,165.76,635.19,208.1
88,3.83,84,player,0.5522,722.67,263.98,742.85,293.83
88,3.83,70,player,0.6706,412.94,254.87,445.41,283.93
88,3.83,29,player,0.4819,1215.43,626.36,1273.71,654.29
88,3.83,91,player,0.4714,647.61,468.08,673.23,491.88
88,3.83,95,player,0.4689,652.62,264.53,678.15,282.05
88,3.83,97,player,0.346,1219.63,581.09,1271.42,611.34
88,3.83,61,player,0.6843,476.89,447.76,506.72,475.32
89,3.87,3,player,0.3222,570.31,0.26,590.85,23.47
89,3.87,51,player,0.2422,46.13,1.01,81.56,27.92
89,3.87,60,player,0.7187,793.59,637.0,822.23,665.5
89,3.87,8,player,0.5517,38.63,134.42,85.58,158.3
89,3.87,2,player,0.7282,514.84,475.19,543.03,502.0
89,3.87,65,player,0.7699,594.36,166.48,635.49,207.89
89,3.87,84,player,0.7512,722.9,259.63,745.89,292.84
89,3.87,70,player,0.679,414.83,255.23,446.87,284.37
89,3.87,29,player,0.494,1215.54,626.41,1273.5,654.21
89,3.87,91,player,0.6891,648.22,467.4,674.33,491.55
89,3.87,95,player,0.3797,652.71,264.8,678.9,282.82
89,3.87,97,player,0.3354,1219.61,580.72,1271.46,610.99
89,3.87,61,player,0.4862,477.14,448.33,506.84,476.03
90,3.91,3,player,0.3721,570.28,0.22,590.75,23.35
90,3.91,51,player,0.2654,46.36,1.07,81.51,27.78
90,3.91,60,player,0.6156,793.58,636.96,822.26,665.45
90,3.91,8,player,0.537,38.76,134.42,85.44,158.17
90,3.91,2,player,0.6935,519.98,474.26,543.26,495.81
90,3.91,65,player,0.7169,595.49,167.92,636.7,210.4
90,3.91,84,player,0.453,722.48,255.14,747.74,290.99
90,3.91,29,player,0.5595,1215.49,626.3,1273.53,654.16
90,3.91,91,player,0.6885,650.33,466.97,675.4,489.96
90,3.91,95,player,0.2152,651.3,266.45,679.84,286.21
90,3.91,97,player,0.4384,1219.49,580.47,1271.79,611.01
90,3.91,98,player,0.6674,506.43,495.58,540.69,514.69
91,3.96,3,player,0.3055,570.3,0.2,590.71,23.28
91,3.96,60,player,0.4908,793.55,636.93,822.3,665.45
91,3.96,8,player,0.4397,38.82,134.44,85.41,158.15
91,3.96,2,player,0.5347,521.4,473.29,544.06,493.74
91,3.96,65,player,0.6155,597.99,170.92,636.2,210.89
91,3.96,29,player,0.5524,1215.48,626.25,1273.53,654.15
91,3.96,91,player,0.5765,651.6,466.57,675.58,488.1
91,3.96,97,player,0.3622,1219.99,580.66,1271.78,610.94
91,3.96,98,player,0.522,505.78,495.38,541.9,515.6
92,4.0,3,player,0.4032,570.29,0.19,590.66,23.24
92,4.0,60,player,0.2773,793.53,636.87,822.39,665.46
92,4.0,8,player,0.2238,38.84,134.38,85.44,158.07
92,4.0,65,player,0.5051,600.4,174.6,635.76,212.11
92,4.0,29,player,0.5032,1215.51,626.22,1273.53,654.12
92,4.0,97,player,0.3283,1220.03,580.45,1271.72,610.69
93,4.04,3,player,0.3777,570.3,0.18,590.64,23.21
93,4.04,60,player,0.5078,793.47,636.78,822.43,665.44
93,4.04,65,player,0.4738,603.49,180.28,634.82,213.83
93,4.04,29,player,0.4715,1215.65,626.32,1273.4,654.11
93,4.04,97,player,0.2578,1220.96,581.25,1271.0,610.49
93,4.04,61,player,0.6667,481.13,449.46,515.46,482.6
93,4.04,2,player,0.59,521.24,470.78,545.57,492.51
93,4.04,91,player,0.5983,652.65,464.92,676.41,485.58
93,4.04,98,player,0.6864,505.34,495.48,542.96,516.73
94,4.09,3,player,0.552,570.29,0.18,590.64,23.21
94,4.09,60,player,0.4876,793.42,636.7,822.49,665.44
94,4.09,29,player,0.4728,1215.67,626.32,1273.38,654.09
94,4.09,97,player,0.2425,1220.58,580.46,1271.34,610.16
94,4.09,61,player,0.7853,482.84,449.11,517.66,483.21
94,4.09,2,player,0.7843,521.06,469.61,546.82,492.29
94,4.09,91,player,0.8127,654.78,464.44,678.91,485.02
94,4.09,98,player,0.7769,504.69,494.94,542.88,516.71
95,4.13,3,player,0.6189,570.18,0.17,590.56,23.21
95,4.13,60,player,0.4688,793.43,636.67,822.54,665.42
95,4.13,29,player,0.481,1215.42,626.09,1273.53,654.11
95,4.13,97,player,0.2248,1220.71,580.36,1271.16,609.88
95,4.13,2,player,0.6757,521.98,468.65,548.83,491.87
95,4.13,91,player,0.3665,657.11,463.63,682.14,484.83
95,4.13,98,player,0.5421,503.68,494.39,541.49,516.07
96,4.17,3,player,0.5028,570.14,0.19,590.54,23.25
96,4.17,60,player,0.409,793.42,636.59,822.61,665.42
96,4.17,29,player,0.411,1215.24,625.89,1273.63,654.1
96,4.17,2,player,0.761,523.93,468.15,551.06,491.47
96,4.17,91,player,0.3347,659.96,463.55,684.32,484.03
96,4.17,98,player,0.6783,502.97,493.77,539.47,514.72
96,4.17,61,player,0.6634,485.47,448.65,520.13,482.5
97,4.22,3,player,0.4699,570.11,0.19,590.53,23.25
97,4.22,60,player,0.4372,793.43,636.58,822.61,665.39
97,4.22,29,player,0.3512,1215.32,625.94,1273.53,654.1
97,4.22,2,player,0.7559,526.14,467.63,553.26,491.05
97,4.22,91,player,0.3518,662.03,463.24,686.41,483.55
97,4.22,98,player,0.702,500.86,491.13,539.23,513.27
97,4.22,61,player,0.82,488.07,448.3,521.38,480.97
98,4.26,3,player,0.5003,570.09,0.19,590.51,23.23
98,4.26,60,player,0.3075,793.41,636.55,822.64,665.4
98,4.26,29,player,0.3202,1215.32,625.92,1273.56,654.13
98,4.26,2,player,0.5389,529.03,467.2,556.11,491.0
98,4.26,98,player,0.6128,500.3,490.94,537.27,512.32
98,4.26,61,player,0.3709,491.83,448.1,522.56,478.43
98,4.26,8,player,0.2261,38.59,134.18,85.29,157.86
98,4.26,65,player,0.6246,614.62,197.19,641.77,226.9
99,4.3,3,player,0.668,570.05,0.23,590.37,23.16
99,4.3,60,player,0.2703,793.41,636.52,822.65,665.37
99,4.3,29,player,0.407,1215.39,625.97,1273.52,654.15
99,4.3,2,player,0.4878,531.93,466.89,558.94,491.07
99,4.3,98,player,0.519,498.46,489.7,535.36,511.19
99,4.3,61,player,0.3852,495.52,447.56,523.83,475.88
99,4.3,110,player,0.3741,427.72,256.46,455.76,282.42
99,4.3,8,player,0.2135,38.73,134.22,85.24,157.72
99,4.3,65,player,0.2162,615.4,198.62,643.32,229.93
100,4.35,3,player,0.6611,570.01,0.23,590.31,23.14
100,4.35,29,player,0.2996,1215.42,625.94,1273.56,654.15
100,4.35,98,player,0.4817,497.9,489.39,533.35,510.17
101,4.39,3,player,0.5767,570.04,0.24,590.3,23.09
101,4.39,29,player,0.4371,1215.35,625.9,1273.56,654.16
101,4.39,98,player,0.289,498.23,488.8,531.9,508.62
101,4.39,84,player,0.3599,727.26,234.34,746.28,258.2
101,4.39,60,player,0.2518,793.52,636.53,822.61,665.2
101,4.39,65,player,0.3419,616.52,200.78,646.37,235.16
102,4.43,3,player,0.6609,569.96,0.23,590.27,23.13
102,4.43,29,player,0.3383,1215.34,626.03,1273.19,654.11
102,4.43,98,player,0.2531,498.43,487.71,531.31,507.17
102,4.43,112,player,0.3202,837.08,219.73,864.53,253.11
102,4.43,8,player,0.2667,38.47,134.29,85.18,157.81
103,4.48,3,player,0.6607,570.03,0.23,590.23,23.0
103,4.48,29,player,0.3554,1215.48,626.23,1272.95,654.09
103,4.48,98,player,0.4526,496.65,484.23,532.52,505.92
103,4.48,112,player,0.4722,836.94,219.39,864.59,253.04
103,4.48,8,player,0.3331,38.4,134.35,85.18,157.84
103,4.48,2,player,0.4123,537.47,465.49,565.94,490.83
104,4.52,3,player,0.6425,570.04,0.22,590.18,22.91
104,4.52,29,player,0.2611,1215.54,626.26,1272.83,653.99
104,4.52,8,player,0.4897,38.29,134.38,85.14,157.87
104,4.52,113,player,0.5195,397.95,382.89,436.18,404.89
105,4.57,3,player,0.7079,570.01,0.2,590.15,22.85
105,4.57,29,player,0.3572,1215.81,626.33,1272.67,653.81
105,4.57,8,player,0.4713,38.31,134.46,84.96,157.81
105,4.57,113,player,0.7245,400.21,382.93,438.39,404.87
105,4.57,98,player,0.4476,496.54,483.07,531.83,505.04
105,4.57,2,player,0.5141,541.71,464.33,570.04,490.17
106,4.61,3,player,0.7033,569.98,0.18,590.1,22.74
106,4.61,29,player,0.456,1215.74,626.12,1272.91,653.73
106,4.61,8,player,0.4539,37.68,133.97,85.31,157.85
107,4.65,3,player,0.6864,570.04,0.17,590.13,22.65
107,4.65,29,player,0.4319,1215.97,626.29,1272.77,653.66
107,4.65,8,player,0.3003,36.99,133.33,85.67,157.82
107,4.65,110,player,0.7742,420.23,261.89,458.08,298.01
107,4.65,113,player,0.5037,403.14,382.1,442.65,404.85
107,4.65,2,player,0.4615,546.68,462.16,575.08,488.55
108,4.7,3,player,0.6676,570.06,0.17,590.15,22.6
108,4.7,29,player,0.2292,1215.8,625.99,1273.1,653.59
108,4.7,121,player,0.3944,539.19,104.85,566.92,132.26
108,4.7,110,player,0.805,419.62,262.52,458.03,300.35
108,4.7,113,player,0.3602,403.96,380.81,444.12,404.06
108,4.7,60,player,0.3012,793.42,636.12,822.59,664.91
108,4.7,65,player,0.7675,614.65,222.49,638.32,248.55
109,4.74,3,player,0.6042,570.12,0.17,590.23,22.62
109,4.74,110,player,0.8238,418.83,263.77,456.52,301.89
109,4.74,113,player,0.5423,404.94,379.85,445.4,403.49
109,4.74,123,player,0.6928,739.76,221.94,764.76,247.41
109,4.74,60,player,0.3952,793.46,636.13,822.57,664.86
109,4.74,65,player,0.8665,611.95,224.8,638.97,254.23
109,4.74,2,player,0.4163,549.91,458.56,580.74,487.88
110,4.78,3,player,0.6628,570.1,0.18,590.18,22.54
110,4.78,110,player,0.5347,418.06,266.54,453.23,302.8
110,4.78,113,player,0.3532,405.16,378.25,446.6,402.78
110,4.78,123,player,0.5654,740.11,220.23,766.85,247.48
110,4.78,60,player,0.2149,793.44,636.13,822.56,664.9
110,4.78,65,player,0.8013,609.54,226.77,639.95,260.42
110,4.78,2,player,0.65,551.67,457.76,582.51,487.67
110,4.78,98,player,0.5728,492.98,475.24,527.57,498.01
110,4.78,121,player,0.3679,540.96,105.09,568.31,131.91
111,4.83,3,player,0.7018,569.98,0.18,590.11,22.52
111,4.83,113,player,0.3118,405.8,377.46,446.42,401.82
111,4.83,123,player,0.6613,740.68,218.85,768.65,247.39
111,4.83,60,player,0.2905,793.33,635.99,822.53,664.87
111,4.83,65,player,0.7954,607.54,227.94,640.79,265.54
111,4.83,2,player,0.3392,554.29,457.59,584.69,487.43
111,4.83,121,player,0.4181,541.66,105.29,568.99,131.81
111,4.83,112,player,0.5907,840.02,214.49,859.89,237.9
112,4.87,3,player,0.6982,569.88,0.18,590.09,22.54
112,4.87,123,player,0.3348,741.16,218.42,769.15,247.04
112,4.87,65,player,0.5552,606.33,228.8,640.6,268.48
112,4.87,2,player,0.3174,556.08,457.7,587.06,488.61
112,4.87,112,player,0.3542,840.06,214.62,859.96,237.23
113,4.91,3,player,0.6587,569.78,0.18,590.06,22.56
113,4.91,65,player,0.3101,605.88,229.57,640.26,270.26
113,4.91,2,player,0.4507,560.22,463.85,586.02,488.83
113,4.91,8,player,0.2347,37.33,133.69,85.24,157.84
113,4.91,98,player,0.8013,493.65,472.08,523.0,491.85
113,4.91,113,player,0.7476,406.97,376.8,445.61,400.27
113,4.91,60,player,0.296,793.25,635.9,822.47,664.82
113,4.91,121,player,0.3667,543.21,105.55,570.29,131.55
114,4.96,3,player,0.6022,569.7,0.18,590.01,22.51
114,4.96,65,player,0.378,606.39,230.5,639.58,270.38
114,4.96,8,player,0.4232,37.44,133.79,85.15,157.87
114,4.96,98,player,0.5323,493.16,470.3,522.19,490.19
114,4.96,60,player,0.2131,793.22,635.89,822.45,664.83
114,4.96,121,player,0.2733,544.1,105.62,571.37,131.66
115,5.0,3,player,0.5437,569.77,0.18,590.11,22.48
115,5.0,65,player,0.3349,607.37,232.52,638.48,270.29
115,5.0,8,player,0.5317,37.64,133.87,84.95,157.77
115,5.0,98,player,0.3076,492.07,467.89,522.08,488.79
116,5.04,3,player,0.526,569.79,0.19,590.15,22.46
116,5.04,65,player,0.3262,609.01,235.54,636.84,269.4
116,5.04,8,player,0.4796,37.72,133.86,84.84,157.68
116,5.04,98,player,0.7361,490.45,465.64,522.14,488.07
116,5.04,2,player,0.71,558.71,460.43,591.59,493.07
116,5.04,60,player,0.2429,793.04,635.87,822.31,664.83
117,5.09,3,player,0.5887,569.84,0.18,590.14,22.36
117,5.09,65,player,0.5865,610.04,239.6,634.79,269.26
117,5.09,8,player,0.549,37.82,133.9,84.82,157.66
117,5.09,98,player,0.8041,488.07,461.85,522.57,486.81
117,5.09,2,player,0.5465,559.87,462.16,592.12,494.82
117,5.09,60,player,0.3652,792.97,635.81,822.29,664.81
117,5.09,51,player,0.271,46.23,0.45,80.54,26.45
117,5.09,113,player,0.7448,408.44,375.21,443.13,396.37
118,5.13,3,player,0.7107,569.77,0.19,590.08,22.32
118,5.13,8,player,0.4852,37.69,133.81,84.9,157.7
118,5.13,98,player,0.8052,486.86,460.38,521.74,485.87
118,5.13,2,player,0.6807,562.1,466.5,590.73,495.51
118,5.13,60,player,0.2759,792.97,635.79,822.3,664.81
118,5.13,129,player,0.4888,657.2,458.09,687.77,481.94
118,5.13,113,player,0.5181,408.7,374.72,441.71,394.76
119,5.17,3,player,0.7038,569.72,0.2,590.06,22.31
119,5.17,8,player,0.4358,37.74,133.78,84.73,157.56
119,5.17,98,player,0.8267,485.93,459.26,520.25,484.26
119,5.17,2,player,0.5269,564.5,472.61,588.9,496.97
119,5.17,60,player,0.2846,792.94,635.78,822.28,664.82
119,5.17,129,player,0.6591,656.33,457.74,688.49,482.92
119,5.17,113,player,0.748,408.45,374.47,440.9,393.99
120,5.22,3,player,0.7168,569.65,0.2,590.03,22.3
120,5.22,8,player,0.4119,37.71,133.71,84.73,157.53
120,5.22,98,player,0.7982,484.57,458.38,517.83,482.45
120,5.22,2,player,0.5246,565.93,478.64,587.13,499.21
120,5.22,129,player,0.4997,655.33,457.66,687.86,483.26
120,5.22,113,player,0.6173,407.14,373.84,440.54,393.78
120,5.22,132,player,0.4073,546.25,403.51,578.8,430.99
120,5.22,110,player,0.5083,412.96,280.38,441.43,309.1
121,5.26,3,player,0.6476,569.6,0.19,590.04,22.3
121,5.26,8,player,0.3436,37.68,133.61,84.61,157.4
121,5.26,98,player,0.7874,483.09,458.49,513.71,480.41
121,5.26,2,player,0.2056,566.63,482.7,586.46,501.31
121,5.26,129,player,0.2726,653.56,457.65,686.1,483.45
121,5.26,113,player,0.7491,405.51,373.01,440.75,393.95
121,5.26,110,player,0.7561,411.07,281.46,439.74,309.7
121,5.26,60,player,0.2466,792.93,635.7,822.28,664.81
122,5.3,3,player,0.7096,569.66,0.2,590.06,22.24
122,5.3,8,player,0.3569,37.7,133.57,84.59,157.35
122,5.3,98,player,0.3216,480.92,458.68,509.76,478.86
122,5.3,113,player,0.5402,404.09,371.84,440.76,393.51
122,5.3,110,player,0.2967,408.45,282.24,438.42,311.68
122,5.3,60,player,0.2984,792.93,635.6,822.31,664.78
123,5.35,3,player,0.6955,569.68,0.2,590.08,22.23
123,5.35,8,player,0.3785,37.67,133.5,84.66,157.35
123,5.35,113,player,0.7515,402.55,370.43,440.35,392.62
123,5.35,110,player,0.8154,404.2,282.9,435.66,314.54
123,5.35,60,player,0.3319,792.92,635.49,822.31,664.75
123,5.35,29,player,0.2586,1215.4,625.19,1272.84,652.95
123,5.35,132,player,0.4168,552.55,400.67,576.67,420.75
123,5.35,2,player,0.354,567.01,486.62,586.61,503.88
124,5.39,3,player,0.5508,569.63,0.2,590.11,22.28
124,5.39,8,player,0.3179,37.76,133.43,84.69,157.3
124,5.39,113,player,0.6512,401.41,369.51,438.24,390.88
124,5.39,110,player,0.635,400.98,283.17,432.0,315.44
124,5.39,60,player,0.3202,792.99,635.45,822.28,664.66
124,5.39,132,player,0.4691,551.45,398.11,574.13,416.68
125,5.43,3,player,0.5865,569.55,0.19,590.08,22.3
125,5.43,8,player,0.3228,37.88,133.42,84.59,157.2
125,5.43,113,player,0.7639,400.16,368.36,435.38,388.55
125,5.43,110,player,0.839,398.74,282.89,430.23,316.66
125,5.43,60,player,0.3309,793.05,635.46,822.27,664.62
125,5.43,98,player,0.7425,468.25,453.27,499.83,475.08
125,5.43,2,player,0.3861,564.83,488.73,586.6,506.81
126,5.48,3,player,0.5208,569.53,0.18,590.11,22.33
126,5.48,8,player,0.47,37.74,133.43,84.54,157.28
126,5.48,113,player,0.7193,398.07,367.58,432.02,386.76
126,5.48,110,player,0.7085,397.43,282.64,429.21,317.67
126,5.48,60,player,0.2927,793.1,635.49,822.21,664.57
126,5.48,98,player,0.7845,464.04,450.17,498.5,473.74
126,5.48,2,player,0.7006,562.9,489.34,586.98,508.37
126,5.48,51,player,0.321,46.32,0.64,79.88,25.78
126,5.48,132,player,0.7666,548.04,390.52,577.3,414.43
127,5.52,3,player,0.543,569.44,0.17,590.07,22.34
127,5.52,8,player,0.3029,37.58,133.44,84.69,157.49
127,5.52,113,player,0.7749,395.01,366.11,430.2,385.95
127,5.52,110,player,0.8372,395.26,282.16,427.32,317.97
127,5.52,60,player,0.4884,793.12,635.55,822.11,664.5
127,5.52,98,player,0.8089,460.78,447.96,497.02,472.23
127,5.52,2,player,0.7044,560.81,490.07,587.17,510.05
127,5.52,135,player,0.8172,562.49,291.52,599.26,328.34
127,5.52,132,player,0.8183,547.2,385.76,579.31,411.96
127,5.52,129,player,0.6769,644.07,453.84,672.62,476.8
128,5.57,3,player,0.4938,569.38,0.17,590.07,22.37
128,5.57,113,player,0.6834,391.53,364.25,428.62,385.43
128,5.57,110,player,0.6941,393.21,281.66,425.49,317.73
128,5.57,60,player,0.4432,793.13,635.56,822.04,664.43
128,5.57,98,player,0.6679,457.85,446.43,495.82,471.22
128,5.57,2,player,0.5599,556.2,491.38,583.06,511.6
128,5.57,135,player,0.6274,558.68,289.69,597.33,328.33
128,5.57,132,player,0.8366,547.81,383.53,579.95,409.63
128,5.57,129,player,0.6295,642.63,452.72,671.33,476.07
129,5.61,3,player,0.4713,569.43,0.16,590.09,22.31
129,5.61,113,player,0.5682,388.48,362.51,427.55,385.18
129,5.61,110,player,0.4135,391.37,281.18,423.95,317.42
129,5.61,60,player,0.5966,793.23,635.55,822.0,664.29
129,5.61,98,player,0.7559,455.64,445.29,494.24,469.7
129,5.61,2,player,0.4501,553.31,492.2,581.49,513.1
129,5.61,135,player,0.3198,553.25,288.32,593.27,328.28
129,5.61,132,player,0.8042,548.9,382.78,580.33,408.1
129,5.61,129,player,0.6169,639.94,450.14,670.69,475.33
129,5.61,29,player,0.2503,1215.57,624.76,1272.74,652.41
130,5.65,3,player,0.4475,569.43,0.16,590.07,22.25
130,5.65,113,player,0.5871,386.4,360.82,427.49,385.03
130,5.65,110,player,0.7426,390.76,281.16,423.33,317.39
130,5.65,60,player,0.4849,793.17,635.4,822.08,664.3
130,5.65,98,player,0.7786,453.89,445.02,492.56,468.6
130,5.65,2,player,0.6146,551.21,490.95,583.64,514.41
130,5.65,135,player,0.286,547.23,287.28,587.08,327.01
130,5.65,132,player,0.7789,549.54,381.87,580.44,406.55
130,5.65,129,player,0.2758,638.18,449.52,668.82,474.34
130,5.65,8,player,0.2806,37.19,133.34,84.94,157.74
131,5.7,3,player,0.3292,569.53,0.16,590.09,22.18
131,5.7,113,player,0.585,383.22,357.41,428.8,384.9
131,5.7,110,player,0.7745,390.28,280.73,422.42,316.91
131,5.7,60,player,0.3199,793.1,635.29,822.1,664.27
131,5.7,98,player,0.7885,452.23,444.15,492.4,468.03
131,5.7,135,player,0.6707,539.87,284.93,579.79,324.92
131,5.7,132,player,0.4524,549.69,379.12,579.15,402.38
131,5.7,8,player,0.3471,37.2,133.33,85.1,157.81
131,5.7,121,player,0.4075,552.55,107.27,580.69,133.13
131,5.7,29,player,0.2832,1215.33,624.51,1272.94,652.44
132,5.74,3,player,0.3405,569.55,0.16,590.11,22.16
132,5.74,113,player,0.6995,380.98,354.76,429.18,384.57
132,5.74,110,player,0.5182,390.49,279.44,421.76,315.7
132,5.74,60,player,0.314,793.06,635.23,822.13,664.28
132,5.74,98,player,0.7367,449.95,442.3,491.98,467.14
132,5.74,8,player,0.4117,37.08,133.24,85.13,157.82
132,5.74,121,player,0.4484,552.34,107.26,580.95,132.8
132,5.74,29,player,0.2368,1215.28,624.44,1272.94,652.47
132,5.74,2,player,0.664,544.34,493.76,576.3,515.98
133,5.78,3,player,0.294,569.57,0.15,590.13,22.15
133,5.78,113,player,0.829,380.12,353.24,428.39,383.73
133,5.78,110,player,0.578,390.92,277.93,421.01,314.1
133,5.78,60,player,0.4147,793.09,635.36,822.1,664.32
133,5.78,98,player,0.7493,447.66,439.84,490.58,465.51
133,5.78,8,player,0.386,37.03,133.2,85.13,157.83
133,5.78,121,player,0.627,552.14,107.13,581.04,132.31
133,5.78,2,player,0.816,538.86,495.19,570.67,516.71
133,5.78,129,player,0.7959,635.92,449.19,662.28,469.68
133,5.78,135,player,0.8737,523.77,279.42,563.68,320.2
133,5.78,132,player,0.7475,545.48,369.37,577.65,394.87
134,5.83,3,player,0.2908,569.26,0.15,589.94,22.19
134,5.83,113,player,0.8443,379.52,352.47,426.32,382.53
134,5.83,110,player,0.4005,392.09,276.08,419.81,310.41
134,5.83,60,player,0.2568,793.05,635.25,822.17,664.35
134,5.83,98,player,0.6658,444.23,437.64,487.94,464.55
134,5.83,8,player,0.4775,37.31,133.32,85.07,157.77
134,5.83,121,player,0.4761,551.8,107.07,580.59,131.69
134,5.83,140,player,0.4575,595.02,260.18,623.91,285.9
134,5.83,135,player,0.8174,517.84,275.58,559.81,319.26
134,5.83,132,player,0.6837,543.25,365.59,576.89,392.5
135,5.87,3,player,0.3087,569.13,0.15,589.92,22.2
135,5.87,113,player,0.854,378.75,350.58,424.15,380.08
135,5.87,60,player,0.2387,793.09,635.18,822.2,664.27
135,5.87,98,player,0.7447,440.65,436.14,484.68,464.09
135,5.87,8,player,0.3908,37.33,133.29,85.06,157.73
135,5.87,121,player,0.5325,551.04,106.91,579.92,131.51
135,5.87,140,player,0.513,594.12,260.04,623.37,286.0
135,5.87,135,player,0.8495,514.1,271.87,557.2,317.47
135,5.87,132,player,0.7345,541.49,363.78,575.72,391.35
135,5.87,2,player,0.6455,531.68,497.68,565.09,519.25
135,5.87,129,player,0.2993,630.48,447.35,657.36,467.66
136,5.91,3,player,0.2739,569.03,0.15,589.91,22.21
136,5.91,113,player,0.8423,376.66,348.37,420.47,377.2
136,5.91,60,player,0.2316,793.14,635.16,822.25,664.23
136,5.91,98,player,0.7735,438.07,435.44,481.69,463.55
136,5.91,8,player,0.2968,37.39,133.32,84.9,157.63
136,5.91,121,player,0.3924,550.23,106.67,579.35,131.65
136,5.91,140,player,0.3818,593.83,260.39,622.53,285.79
136,5.91,135,player,0.8222,510.14,267.12,554.76,314.97
136,5.91,132,player,0.8368,540.15,362.94,573.1,389.51
136,5.91,2,player,0.4176,529.37,498.1,564.48,520.2
136,5.91,110,player,0.4239,394.01,273.79,420.36,306.99
137,5.96,3,player,0.3419,569.0,0.16,589.95,22.2
137,5.96,113,player,0.7704,374.49,345.72,415.76,373.3
137,5.96,98,player,0.8377,435.72,435.09,478.49,462.86
137,5.96,8,player,0.2916,37.51,133.41,84.82,157.58
137,5.96,140,player,0.2053,592.77,260.8,621.75,286.29
137,5.96,135,player,0.2102,506.65,263.98,550.26,311.56
137,5.96,132,player,0.7196,537.06,359.14,570.7,386.69
137,5.96,2,player,0.6679,527.36,498.8,563.05,520.97
137,5.96,110,player,0.5244,393.35,272.83,418.41,304.73
137,5.96,129,player,0.3709,622.23,445.68,651.51,468.01
138,6.0,3,player,0.332,568.99,0.16,590.0,22.21
138,6.0,113,player,0.617,373.98,343.53,411.57,368.5
138,6.0,98,player,0.8627,433.74,435.17,474.45,461.38
138,6.0,8,player,0.369,37.54,133.33,84.79,157.47
138,6.0,132,player,0.7352,534.58,356.23,567.85,383.9
138,6.0,2,player,0.4959,522.7,498.78,559.82,521.63
138,6.0,110,player,0.4997,391.56,269.65,418.93,305.03
139,6.04,3,player,0.2106,569.23,0.12,590.17,22.11
139,6.04,113,player,0.7598,371.78,340.3,409.72,365.29
139,6.04,98,player,0.8402,431.07,434.74,470.21,459.63
139,6.04,8,player,0.4822,37.7,133.38,84.79,157.43
139,6.04,132,player,0.7228,532.05,354.66,565.97,383.16
139,6.04,2,player,0.5124,515.9,498.68,555.6,523.13
139,6.04,110,player,0.6541,390.9,267.1,421.4,306.4
139,6.04,140,player,0.7661,588.1,261.95,616.98,287.23
139,6.04,135,player,0.8004,501.13,263.31,531.42,295.92
139,6.04,129,player,0.7668,614.81,444.88,645.43,468.71
140,6.09,3,player,0.2273,569.38,0.11,590.17,21.94
140,6.09,113,player,0.4721,368.94,337.76,407.88,363.03
140,6.09,98,player,0.8383,427.64,433.85,466.75,458.39
140,6.09,8,player,0.3626,37.77,133.36,84.84,157.41
140,6.09,132,player,0.6063,529.75,355.31,563.19,383.12
140,6.09,2,player,0.6363,509.67,499.08,552.36,525.92
140,6.09,140,player,0.4184,585.09,263.25,612.92,287.62
140,6.09,135,player,0.683,496.19,262.13,523.89,291.91
141,6.13,3,player,0.2135,569.43,0.11,590.17,21.87
141,6.13,113,player,0.7717,365.74,335.39,405.11,360.46
141,6.13,98,player,0.8618,423.6,432.97,461.82,456.77
141,6.13,8,player,0.3828,37.8,133.33,84.9,157.4
141,6.13,132,player,0.6292,528.37,357.12,560.26,382.98
141,6.13,2,player,0.7491,504.7,500.29,549.36,529.42
141,6.13,140,player,0.8019,582.78,265.39,608.52,288.01
141,6.13,110,player,0.5769,391.28,264.85,415.8,295.77
141,6.13,129,player,0.7913,610.75,444.3,641.83,468.55
142,6.17,3,player,0.2619,569.42,0.1,590.11,21.77
142,6.17,113,player,0.4036,363.27,334.6,402.34,358.72
142,6.17,98,player,0.7824,419.32,432.3,456.0,455.04
142,6.17,8,player,0.2285,37.75,133.27,84.87,157.33
142,6.17,2,player,0.6859,500.62,501.7,546.51,532.37
142,6.17,140,player,0.6474,579.47,266.75,603.98,288.55
142,6.17,110,player,0.8128,388.84,261.28,420.97,302.71
142,6.17,129,player,0.5668,608.28,443.57,640.11,468.43
142,6.17,60,player,0.2803,793.33,634.92,822.67,664.17
142,6.17,135,player,0.528,482.27,244.23,513.89,279.1
143,6.22,3,player,0.311,569.4,0.09,590.11,21.72
143,6.22,113,player,0.6759,359.5,333.78,397.47,356.52
143,6.22,98,player,0.3731,415.31,431.03,450.29,452.64
143,6.22,8,player,0.3736,37.68,133.19,84.85,157.29
143,6.22,2,player,0.5328,497.56,503.19,543.94,534.69
143,6.22,140,player,0.3339,575.38,267.18,599.51,289.19
143,6.22,110,player,0.5065,391.21,256.56,421.67,296.05
143,6.22,129,player,0.38,606.35,443.1,637.89,467.66
143,6.22,147,player,0.3751,1219.37,607.63,1274.7,629.39
143,6.22,60,player,0.2082,793.34,634.89,822.73,664.12
143,6.22,135,player,0.5183,477.71,238.67,507.99,272.54
143,6.22,29,player,0.3124,1216.14,624.37,1272.33,651.49
144,6.26,3,player,0.3662,569.38,0.08,590.13,21.72
144,6.26,113,player,0.4806,356.6,333.32,392.16,353.77
144,6.26,98,player,0.4004,412.24,429.87,445.87,450.31
144,6.26,8,player,0.2488,37.73,133.36,84.71,157.33
144,6.26,2,player,0.2832,494.48,504.29,540.46,535.79
144,6.26,140,player,0.7248,573.71,267.35,596.83,288.77
144,6.26,110,player,0.463,392.51,250.01,425.28,293.63
144,6.26,129,player,0.2452,604.2,442.71,635.03,466.72
144,6.26,147,player,0.3573,1219.62,607.51,1274.56,629.13
144,6.26,135,player,0.6583,471.99,233.62,509.52,276.36
144,6.26,148,player,0.638,722.79,195.06,741.4,216.89
144,6.26,29,player,0.2648,1216.09,624.25,1272.52,651.32
144,6.26,132,player,0.4154,518.27,355.34,549.21,379.71
145,6.3,3,player,0.3465,569.35,0.08,590.14,21.72
145,6.3,113,player,0.4815,351.9,331.72,386.85,351.35
145,6.3,8,player,0.3482,37.69,133.46,84.72,157.46
145,6.3,2,player,0.2677,491.82,505.96,535.07,535.54
145,6.3,140,player,0.7112,571.73,267.18,594.67,288.45
145,6.3,110,player,0.8209,394.89,243.48,427.22,287.47
145,6.3,129,player,0.5026,601.74,442.12,631.58,465.47
145,6.3,147,player,0.4032,1219.65,607.21,1274.41,628.78
145,6.3,135,player,0.5746,466.92,228.22,504.37,271.64
145,6.3,148,player,0.6995,720.44,194.57,739.33,216.46
145,6.3,29,player,0.3011,1216.01,624.07,1272.75,651.16
145,6.3,132,player,0.6685,513.3,354.02,543.54,377.51
146,6.35,3,player,0.2888,569.42,0.05,590.2,21.65
146,6.35,8,player,0.4558,37.74,133.55,84.73,157.53
146,6.35,140,player,0.625,569.54,267.07,592.46,287.98
146,6.35,110,player,0.383,397.41,238.6,428.69,281.62
146,6.35,147,player,0.4079,1219.56,607.2,1274.18,628.74
146,6.35,135,player,0.5855,462.35,221.31,498.22,263.52
146,6.35,148,player,0.6655,718.67,193.95,737.96,215.84
146,6.35,29,player,0.2959,1216.1,624.11,1272.75,651.04
147,6.39,3,player,0.3097,569.43,0.05,590.18,21.59
147,6.39,8,player,0.425,37.73,133.53,84.73,157.51
147,6.39,140,player,0.6599,567.12,266.96,590.34,287.34
147,6.39,110,player,0.6569,399.99,236.18,429.76,276.65
147,6.39,147,player,0.3245,1219.03,607.03,1274.08,628.77
147,6.39,135,player,0.3388,457.97,216.28,493.85,258.41
147,6.39,29,player,0.2368,1215.74,623.76,1273.08,650.97
147,6.39,60,player,0.2895,793.26,634.74,822.72,663.91
147,6.39,98,player,0.5799,401.38,425.46,434.2,444.74
147,6.39,129,player,0.3509,596.0,441.11,622.16,461.76
147,6.39,132,player,0.3646,505.33,352.62,534.87,374.94
148,6.43,3,player,0.2435,569.55,0.06,590.23,21.54
148,6.43,8,player,0.5001,37.74,133.45,84.79,157.49
148,6.43,140,player,0.6507,564.26,266.96,588.92,287.83
148,6.43,110,player,0.4185,403.19,236.51,429.7,270.74
148,6.43,147,player,0.3687,1219.3,606.68,1274.54,628.55
148,6.43,29,player,0.2048,1215.68,623.56,1273.15,650.79
148,6.43,60,player,0.2099,793.16,634.63,822.74,663.82
148,6.43,98,player,0.4141,396.55,423.63,430.37,443.15
149,6.48,3,player,0.2906,569.65,0.05,590.27,21.46
149,6.48,8,player,0.5032,37.82,133.41,84.7,157.41
149,6.48,140,player,0.7955,561.86,267.09,588.44,288.97
149,6.48,110,player,0.6798,406.58,237.4,428.3,263.15
149,6.48,147,player,0.4196,1219.26,606.58,1274.06,628.3
149,6.48,29,player,0.2277,1215.77,623.58,1272.99,650.62
149,6.48,60,player,0.3162,793.09,634.63,822.74,663.79
149,6.48,98,player,0.7433,390.17,420.64,427.05,442.16
149,6.48,113,player,0.7069,334.5,322.67,377.42,346.54
149,6.48,2,player,0.6754,472.04,505.51,509.9,531.42
149,6.48,148,player,0.5188,714.63,191.58,733.81,212.52
149,6.48,135,player,0.4179,447.34,205.93,487.23,252.08
149,6.48,129,player,0.6796,591.36,439.31,615.24,457.4
149,6.48,132,player,0.5868,497.68,351.43,528.18,373.43
150,6.52,3,player,0.3071,569.5,0.06,590.2,21.54
150,6.52,140,player,0.6962,557.57,266.84,587.52,291.28
150,6.52,110,player,0.6207,404.65,235.12,426.92,259.96
150,6.52,147,player,0.4645,1218.34,606.14,1274.11,628.31
150,6.52,29,player,0.5344,1215.99,623.95,1272.47,650.49
150,6.52,60,player,0.2754,792.94,634.28,822.85,663.66
150,6.52,98,player,0.5309,382.87,417.69,422.84,441.79
150,6.52,113,player,0.5255,329.44,319.86,375.47,345.36
150,6.52,2,player,0.3186,468.27,506.2,504.69,530.72
151,6.57,3,player,0.2071,569.38,0.08,590.2,21.67
151,6.57,140,player,0.738,554.81,266.36,586.38,292.03
151,6.57,110,player,0.8197,398.73,228.91,427.03,259.16
151,6.57,147,player,0.3981,1218.43,605.9,1273.55,627.88
151,6.57,29,player,0.4204,1215.64,623.82,1271.99,650.2
151,6.57,98,player,0.6763,377.74,415.6,419.39,441.51
151,6.57,113,player,0.8327,324.0,317.21,373.11,344.6
151,6.57,2,player,0.7203,464.48,507.01,501.34,531.06
151,6.57,135,player,0.4072,434.37,195.98,474.09,240.85
151,6.57,129,player,0.7074,584.69,435.79,611.2,455.15
151,6.57,132,player,0.5775,487.8,349.54,521.39,373.08
152,6.61,3,player,0.4292,569.36,0.11,590.43,21.99
152,6.61,140,player,0.4423,552.15,265.69,585.34,293.01
152,6.61,110,player,0.7983,392.67,221.71,428.0,258.48
152,6.61,147,player,0.5007,1218.06,605.44,1272.24,627.04
152,6.61,29,player,0.5134,1213.48,622.01,1272.41,649.72
152,6.61,98,player,0.5869,374.28,414.78,415.91,441.19
152,6.61,113,player,0.7323,318.07,314.77,369.07,343.82
152,6.61,2,player,0.3553,460.11,507.33,497.51,531.16
152,6.61,135,player,0.5326,427.09,192.0,465.67,233.9
152,6.61,129,player,0.2062,580.85,434.7,609.34,455.03
152,6.61,132,player,0.2043,481.37,348.15,516.94,372.93
153,6.65,3,player,0.3631,569.2,0.11,590.68,22.47
153,6.65,140,player,0.7125,550.5,265.03,582.78,291.82
153,6.65,110,player,0.8269,387.39,215.65,428.26,257.15
153,6.65,147,player,0.4884,1217.53,605.08,1270.92,626.38
153,6.65,29,player,0.5344,1212.53,621.55,1270.92,649.0
153,6.65,98,player,0.8052,372.2,414.48,412.25,439.96
153,6.65,113,player,0.3937,311.99,311.4,364.14,342.08
153,6.65,2,player,0.3499,455.2,506.57,494.13,531.15
153,6.65,135,player,0.8341,421.01,186.47,456.8,224.09
153,6.65,129,player,0.4561,578.34,433.56,607.79,454.46
153,6.65,132,player,0.4465,474.82,347.21,511.68,373.19
153,6.65,8,player,0.6181,39.77,134.1,86.89,158.2
154,6.7,3,player,0.2785,569.47,0.17,591.1,22.85
154,6.7,140,player,0.4728,546.15,263.75,577.36,290.2
154,6.7,110,player,0.688,382.72,208.83,428.83,254.9
154,6.7,29,player,0.2734,1211.4,621.26,1269.41,648.51
154,6.7,98,player,0.7625,369.68,414.21,408.79,438.92
154,6.7,2,player,0.4929,450.77,506.14,489.63,530.71
154,6.7,135,player,0.3191,415.28,183.31,451.88,220.36
154,6.7,129,player,0.651,575.17,432.32,604.66,453.33
154,6.7,132,player,0.669,469.67,347.73,506.62,374.12
154,6.7,158,player,0.3383,40.12,87.52,80.24,114.86
154,6.7,159,player,0.4024,524.25,98.91,559.08,127.36
154,6.7,8,player,0.4013,40.61,134.18,87.91,158.34
155,6.74,3,player,0.2065,569.61,0.22,591.37,23.23
155,6.74,110,player,0.3136,378.82,202.89,427.17,250.57
155,6.74,98,player,0.7929,365.45,412.71,404.57,437.38
155,6.74,2,player,0.76,444.49,505.16,483.1,529.99
155,6.74,135,player,0.4332,413.67,178.66,452.21,217.89
155,6.74,129,player,0.8259,571.97,431.02,600.58,451.74
155,6.74,132,player,0.7102,467.44,350.36,501.97,374.59
155,6.74,159,player,0.3824,523.47,99.36,558.57,127.98
155,6.74,113,player,0.6091,308.39,305.39,356.01,333.73
156,6.78,3,player,0.2701,569.55,0.28,591.66,23.88
156,6.78,98,player,0.5015,361.51,411.23,400.76,435.96
156,6.78,2,player,0.5468,439.28,504.78,476.8,529.27
156,6.78,135,player,0.3661,410.05,175.16,448.59,214.41
156,6.78,132,player,0.7836,464.23,351.52,498.27,374.8
156,6.78,113,player,0.6933,306.65,303.03,352.74,330.46
157,6.83,3,player,0.3372,569.39,0.29,591.79,24.48
157,6.83,98,player,0.7435,357.97,410.05,396.51,434.35
157,6.83,2,player,0.7694,436.13,504.38,472.9,528.3
157,6.83,135,player,0.2185,406.39,172.34,442.67,209.36
157,6.83,132,player,0.7059,460.7,351.59,495.17,374.54
157,6.83,113,player,0.7585,304.95,301.4,349.83,327.76
157,6.83,140,player,0.4983,534.75,257.33,568.83,287.2
157,6.83,29,player,0.3544,1208.01,619.6,1263.28,645.43
157,6.83,158,player,0.4439,44.79,89.42,85.06,116.83
157,6.83,8,player,0.5956,44.43,135.47,91.18,159.35
157,6.83,110,player,0.4884,379.51,191.79,422.05,232.7
157,6.83,129,player,0.428,564.05,428.44,592.37,449.6
157,6.83,159,player,0.4123,520.39,100.48,555.25,128.7
158,6.87,3,player,0.2451,569.29,0.16,592.33,25.36
158,6.87,98,player,0.4368,354.61,409.17,391.16,432.25
158,6.87,2,player,0.5755,432.39,503.33,470.11,527.65
158,6.87,132,player,0.4951,456.68,351.56,491.58,374.25
158,6.87,113,player,0.3783,302.31,299.94,346.31,325.27
158,6.87,140,player,0.5737,531.4,254.71,566.85,286.43
158,6.87,158,player,0.3863,46.38,89.98,86.49,117.27
158,6.87,8,player,0.2312,46.49,135.77,93.23,159.66
158,6.87,110,player,0.8597,377.83,175.0,428.51,223.61
158,6.87,159,player,0.3947,518.3,100.62,553.44,128.85
159,6.91,3,player,0.5109,569.52,0.24,592.98,26.29
159,6.91,98,player,0.3944,351.02,408.12,384.79,429.44
159,6.91,2,player,0.7649,428.11,502.61,466.22,526.9
159,6.91,132,player,0.5453,452.51,351.69,487.01,373.73
159,6.91,113,player,0.2764,299.12,298.24,342.85,323.04
159,6.91,140,player,0.76,528.76,252.53,565.64,285.97
159,6.91,158,player,0.3096,48.14,90.72,88.13,117.96
159,6.91,8,player,0.4208,48.85,136.42,95.23,160.14
159,6.91,110,player,0.8559,376.16,167.79,428.8,218.52
159,6.91,159,player,0.3074,516.03,100.97,550.68,128.58
159,6.91,167,player,0.556,685.35,183.97,715.04,206.9
159,6.91,29,player,0.4083,1203.19,616.75,1258.99,642.86
160,6.96,3,player,0.5784,569.31,0.29,593.54,27.6
160,6.96,98,player,0.3683,348.63,406.58,380.32,426.47
160,6.96,2,player,0.8172,423.67,501.7,462.21,526.0
160,6.96,132,player,0.695,447.94,351.64,481.81,373.11
160,6.96,113,player,0.6978,295.38,296.85,338.32,321.02
160,6.96,140,player,0.8551,526.59,250.78,564.97,285.94
160,6.96,110,player,0.8521,376.74,173.97,422.51,216.98
160,6.96,159,player,0.6611,513.21,101.15,547.82,128.56
160,6.96,167,player,0.674,684.65,183.33,715.1,206.88
160,6.96,169,player,0.4817,1206.95,598.52,1255.69,618.79
160,6.96,29,player,0.5528,1200.78,615.57,1256.35,641.55
160,6.96,135,player,0.6084,394.73,162.17,426.37,193.65
160,6.96,129,player,0.437,553.81,425.52,585.82,449.27
161,7.0,3,player,0.5629,569.2,0.27,594.06,28.79
161,7.0,98,player,0.6204,347.25,405.06,377.53,423.62
161,7.0,2,player,0.7926,418.78,500.43,457.26,524.52
161,7.0,132,player,0.5543,442.95,351.75,475.16,372.24
161,7.0,113,player,0.6116,293.73,295.97,334.46,318.59
161,7.0,140,player,0.8769,524.99,249.31,564.41,285.71
161,7.0,110,player,0.605,372.25,166.2,425.41,215.75
161,7.0,159,player,0.3845,510.48,101.36,544.84,128.43
161,7.0,167,player,0.7178,682.72,182.75,713.33,206.52
161,7.0,169,player,0.6095,1204.0,597.1,1252.64,617.33
161,7.0,29,player,0.4266,1198.15,614.28,1253.59,640.27
161,7.0,129,player,0.5278,549.73,424.23,584.6,450.01
161,7.0,158,player,0.2984,53.76,92.85,92.6,119.25
162,7.04,3,player,0.7313,568.97,0.21,594.59,30.21
162,7.04,98,player,0.438,345.43,403.39,375.37,421.36
162,7.04,2,player,0.4938,413.93,499.86,450.81,522.87
162,7.04,140,player,0.8819,523.98,248.53,563.77,285.53
162,7.04,110,player,0.8144,368.97,173.66,414.03,213.93
162,7.04,159,player,0.6856,507.71,101.78,542.09,128.87
162,7.04,167,player,0.6291,681.23,182.42,710.46,205.28
162,7.04,169,player,0.3398,1201.81,596.55,1248.83,616.09
162,7.04,29,player,0.2061,1195.63,613.41,1250.21,638.99
162,7.04,129,player,0.71,547.78,422.96,583.18,449.01
162,7.04,158,player,0.213,56.56,93.93,95.07,120.09
162,7.04,135,player,0.3593,386.2,153.31,422.04,187.81
163,7.09,3,player,0.7445,569.07,0.25,595.43,31.88
163,7.09,98,player,0.5828,342.67,401.42,373.95,419.92
163,7.09,2,player,0.5387,407.87,498.91,442.54,520.57
163,7.09,140,player,0.8787,523.77,248.27,562.45,284.62
163,7.09,167,player,0.4214,678.91,182.07,706.77,204.18
163,7.09,129,player,0.6674,545.79,421.91,582.6,449.32
163,7.09,158,player,0.2817,59.65,95.51,97.86,121.48
163,7.09,135,player,0.2797,381.0,150.99,416.77,184.39
163,7.09,8,player,0.4372,58.91,140.06,105.0,163.76
163,7.09,132,player,0.3188,436.69,351.13,467.31,370.28
164,7.13,3,player,0.6381,569.04,0.23,596.22,33.69
164,7.13,140,player,0.8131,524.28,247.96,560.71,282.72
164,7.13,167,player,0.3917,675.98,182.15,702.14,203.37
164,7.13,158,player,0.3205,63.1,97.0,100.65,122.52
164,7.13,174,player,0.3673,994.82,0.12,1031.11,24.47
164,7.13,8,player,0.4963,62.03,141.48,107.95,165.26
164,7.13,132,player,0.5196,433.28,350.2,465.39,370.05
164,7.13,159,player,0.4045,502.8,103.39,537.55,130.99
165,7.17,3,player,0.6651,568.97,0.24,596.7,35.32
165,7.17,140,player,0.8063,525.08,247.87,558.27,280.29
165,7.17,167,player,0.5958,673.43,182.08,699.51,203.73
165,7.17,158,player,0.4775,66.37,98.24,103.86,123.77
165,7.17,174,player,0.3215,992.95,0.15,1031.29,25.95
165,7.17,8,player,0.5427,65.68,142.96,110.68,166.34
165,7.17,132,player,0.7166,429.16,348.99,463.3,369.99
165,7.17,110,player,0.5984,363.99,171.95,401.8,204.17
165,7.17,169,player,0.5569,1191.74,592.05,1238.82,611.64
165,7.17,29,player,0.5108,1185.24,608.4,1239.76,634.04
165,7.17,98,player,0.247,334.69,396.45,369.03,417.01
165,7.17,2,player,0.3422,401.44,496.38,435.12,516.84
166,7.22,3,player,0.6841,569.16,0.28,597.73,37.24
166,7.22,140,player,0.4666,525.97,247.81,554.92,276.82
166,7.22,167,player,0.5009,670.56,182.34,696.7,204.66
166,7.22,174,player,0.3674,988.57,0.26,1030.01,28.31
166,7.22,8,player,0.3337,68.27,143.39,114.92,167.91
166,7.22,132,player,0.5321,425.17,348.03,461.28,370.24
166,7.22,2,player,0.6962,397.94,495.32,432.28,515.67
166,7.22,129,player,0.4267,539.1,418.37,574.04,445.38
167,7.26,3,player,0.7605,569.32,0.22,598.77,39.22
167,7.26,174,player,0.2985,984.69,0.24,1028.8,30.34
167,7.26,8,player,0.3845,72.71,145.34,117.94,169.28
167,7.26,2,player,0.6464,394.47,493.74,430.26,514.61
167,7.26,158,player,0.4771,73.3,101.39,110.47,126.78
168,7.3,3,player,0.7979,569.3,0.34,599.4,41.3
168,7.3,174,player,0.3626,980.56,0.29,1027.62,32.8
168,7.3,8,player,0.4426,77.32,147.06,121.63,170.68
168,7.3,2,player,0.7089,389.42,491.63,427.84,514.05
168,7.3,158,player,0.3534,77.12,103.05,114.12,128.4
168,7.3,159,player,0.3677,497.88,107.11,535.27,136.46
168,7.3,110,player,0.6093,342.91,139.73,411.71,201.6
168,7.3,98,player,0.3353,325.89,390.23,363.49,413.28
169,7.35,3,player,0.8079,569.58,0.28,600.4,43.45
169,7.35,174,player,0.5533,976.08,0.36,1025.37,35.02
169,7.35,8,player,0.4103,81.81,148.67,125.17,171.93
169,7.35,2,player,0.3466,383.92,489.3,423.78,512.86
169,7.35,158,player,0.2506,81.58,105.25,117.56,129.91
169,7.35,187,player,0.561,1090.56,8.75,1130.73,43.72
169,7.35,159,player,0.7111,496.33,108.04,534.95,137.9
170,7.39,3,player,0.7916,569.56,0.25,601.22,45.81
170,7.39,174,player,0.3741,972.11,0.49,1023.76,37.58
170,7.39,2,player,0.3394,380.7,487.36,418.3,510.03
170,7.39,159,player,0.3877,494.45,108.91,534.23,139.21
170,7.39,98,player,0.3101,323.38,386.94,360.05,409.55
171,7.43,3,player,0.798,569.81,0.56,601.94,48.09
171,7.43,174,player,0.4603,969.5,2.15,1021.08,40.04
171,7.43,2,player,0.7533,378.91,485.58,416.03,508.2
171,7.43,159,player,0.6262,492.06,109.42,533.21,140.43
171,7.43,98,player,0.5868,322.65,385.19,359.63,408.0
171,7.43,169,player,0.3891,1167.27,582.04,1214.98,602.13
171,7.43,8,player,0.4238,90.04,151.73,132.06,174.34
171,7.43,158,player,0.3889,90.68,109.81,125.56,133.7
171,7.43,187,player,0.4331,1083.49,13.64,1123.02,48.03
172,7.48,3,player,0.7765,570.41,0.94,602.93,50.46
172,7.48,174,player,0.5746,966.92,4.48,1017.78,42.75
172,7.48,2,player,0.6206,377.6,484.45,413.18,506.04
172,7.48,159,player,0.4155,489.44,110.17,531.1,141.4
172,7.48,98,player,0.3274,321.87,383.73,358.45,406.23
172,7.48,187,player,0.5998,1079.57,16.56,1118.82,50.68
172,7.48,140,player,0.5434,519.43,244.14,545.54,269.81
173,7.52,3,player,0.7973,570.57,0.59,604.13,53.28
173,7.52,174,player,0.5934,965.53,7.79,1013.78,45.02
173,7.52,2,player,0.7269,375.9,482.74,411.42,504.1
173,7.52,98,player,0.6207,320.71,382.34,356.71,404.43
173,7.52,187,player,0.734,1076.18,19.83,1114.93,53.52
173,7.52,140,player,0.5589,519.39,243.68,545.93,269.45
173,7.52,8,player,0.4064,99.57,155.08,140.7,177.39
174,7.57,3,player,0.7251,570.49,1.48,604.07,55.86
174,7.57,174,player,0.6269,962.86,10.33,1010.17,47.75
174,7.57,2,player,0.3758,373.45,480.96,409.65,502.57
174,7.57,187,player,0.6307,1072.35,22.82,1110.39,55.83
174,7.57,140,player,0.268,520.07,243.78,546.43,269.23
174,7.57,204,player,0.4955,613.21,0.12,638.99,29.96
174,7.57,205,player,0.3759,708.64,0.28,733.96,43.85
174,7.57,8,player,0.338,103.55,156.46,144.87,179.09
174,7.57,159,player,0.3792,484.99,112.32,523.3,141.07
175,7.61,3,player,0.7354,571.84,5.45,603.74,58.39
175,7.61,174,player,0.6647,960.4,13.05,1006.39,50.34
175,7.61,2,player,0.7125,371.96,479.21,407.56,500.21
175,7.61,187,player,0.5516,1068.94,25.59,1106.64,58.37
175,7.61,204,player,0.4478,611.98,0.25,639.97,32.78
175,7.61,205,player,0.3785,707.23,0.32,734.15,46.79
176,7.65,3,player,0.6394,572.68,8.62,603.62,61.24
176,7.65,174,player,0.6554,958.25,16.67,1002.03,52.92
176,7.65,2,player,0.5946,369.16,477.5,404.86,498.49
176,7.65,187,player,0.7604,1065.39,29.17,1102.27,61.29
176,7.65,204,player,0.5612,610.74,0.41,640.64,35.45
176,7.65,205,player,0.4317,705.54,0.25,734.09,49.85
176,7.65,214,player,0.4012,730.25,0.28,751.8,54.2
177,7.7,3,player,0.6727,573.38,11.35,603.56,63.83
177,7.7,174,player,0.6123,956.25,20.11,998.15,55.59
177,7.7,187,player,0.6041,1061.56,32.25,1097.94,63.97
177,7.7,204,player,0.734,609.39,0.17,641.71,38.54
177,7.7,205,player,0.6522,703.8,0.27,733.65,52.57
177,7.7,214,player,0.5994,728.71,0.24,751.31,56.95
177,7.7,219,player,0.5741,743.37,0.91,765.44,54.92
177,7.7,220,player,0.4965,682.84,0.11,701.81,58.68
177,7.7,8,player,0.3695,118.3,162.09,157.88,183.94
177,7.7,159,player,0.3444,481.4,117.64,513.68,140.82
178,7.74,3,player,0.709,574.48,16.34,602.78,66.51
178,7.74,174,player,0.6495,953.66,23.48,994.16,58.47
178,7.74,187,player,0.6985,1057.31,35.5,1093.1,66.7
178,7.74,204,player,0.7577,608.0,0.06,642.85,42.2
178,7.74,205,player,0.685,702.66,2.44,732.72,55.77
178,7.74,214,player,0.6405,727.73,2.5,750.58,60.05
178,7.74,219,player,0.4501,742.55,3.64,764.64,57.7
178,7.74,220,player,0.5359,681.87,1.97,701.24,61.57
179,7.78,3,player,0.6759,575.4,19.95,602.93,69.7
179,7.78,174,player,0.697,950.82,26.53,990.28,61.32
179,7.78,187,player,0.7292,1053.14,38.44,1088.55,69.38
179,7.78,204,player,0.7512,607.88,1.65,642.87,44.85
179,7.78,205,player,0.6375,702.25,5.89,731.36,58.12
179,7.78,214,player,0.5892,726.98,6.26,749.45,63.06
179,7.78,219,player,0.3545,741.53,7.25,763.48,61.02
179,7.78,220,player,0.4626,680.91,5.38,700.32,64.76
180,7.83,3,player,0.7832,576.78,25.19,602.62,72.47
180,7.83,174,player,0.4072,948.19,29.76,986.36,64.16
180,7.83,187,player,0.4775,1049.18,41.64,1084.09,72.22
180,7.83,204,player,0.7372,608.11,4.72,642.75,48.5
180,7.83,205,player,0.7576,701.65,9.24,730.31,61.41
180,7.83,214,player,0.6797,725.99,9.69,748.11,65.82
180,7.83,219,player,0.5774,740.54,10.79,762.34,64.27
180,7.83,220,player,0.6421,680.88,9.02,700.23,67.81
181,7.87,3,player,0.7273,577.73,29.16,602.58,75.25
181,7.87,174,player,0.4429,945.63,33.34,982.36,67.1
181,7.87,187,player,0.5009,1045.29,45.14,1079.22,74.84
181,7.87,204,player,0.7571,608.91,8.17,642.23,51.32
181,7.87,205,player,0.6948,700.66,12.79,728.75,64.66
181,7.87,214,player,0.6591,724.99,13.37,746.7,68.75
181,7.87,219,player,0.5281,739.26,14.48,760.62,66.91
181,7.87,220,player,0.5414,680.47,12.55,699.73,70.48
181,7.87,159,player,0.5561,473.35,124.51,504.26,146.04
182,7.91,3,player,0.6101,578.32,32.6,602.53,77.98
182,7.91,204,player,0.7538,609.74,11.86,641.45,53.89
182,7.91,205,player,0.6332,700.01,16.29,727.35,67.53
182,7.91,214,player,0.6329,724.12,16.88,745.54,71.72
182,7.91,219,player,0.3846,738.13,18.15,759.15,69.71
182,7.91,220,player,0.5819,678.71,16.07,697.72,73.2
182,7.91,237,player,0.3965,359.57,464.33,390.83,483.16
183,7.96,3,player,0.672,579.06,35.86,602.8,80.78
183,7.96,204,player,0.7107,610.21,15.61,641.15,57.66
183,7.96,205,player,0.6166,699.67,20.02,726.09,70.29
183,7.96,214,player,0.5464,723.15,20.53,744.07,74.39
183,7.96,219,player,0.4013,737.28,21.82,757.97,72.5
183,7.96,220,player,0.4068,677.37,19.75,696.04,76.11
183,7.96,240,player,0.5107,336.56,136.32,377.43,171.47
183,7.96,140,player,0.3556,513.53,238.86,535.85,259.96
183,7.96,174,player,0.36,940.69,39.91,975.56,72.65
183,7.96,187,player,0.451,1036.87,51.91,1069.92,80.91
184,8.0,3,player,0.5617,579.67,39.25,602.95,83.51
184,8.0,204,player,0.6411,610.87,19.42,640.63,60.85
184,8.0,205,player,0.6077,699.01,23.87,724.87,73.74
184,8.0,214,player,0.6425,722.3,24.36,742.75,77.34
184,8.0,219,player,0.3186,736.27,25.4,756.9,75.8
184,8.0,220,player,0.5288,677.06,23.39,695.44,78.89
184,8.0,140,player,0.497,513.08,238.57,536.44,260.23
184,8.0,187,player,0.2623,1033.03,54.91,1065.57,83.51
185,8.04,3,player,0.7428,580.46,42.25,603.49,86.54
185,8.04,204,player,0.6945,611.65,23.27,640.26,64.04
185,8.04,205,player,0.7014,698.68,27.43,723.98,77.09
185,8.04,214,player,0.6158,721.4,27.77,741.7,80.7
185,8.04,219,player,0.5225,735.12,29.03,755.52,78.81
185,8.04,220,player,0.687,676.32,27.04,694.38,81.81
185,8.04,140,player,0.4945,513.06,238.88,537.12,260.71
185,8.04,187,player,0.3284,1028.99,58.02,1061.21,86.43
185,8.04,174,player,0.4937,934.53,46.38,968.29,78.87
186,8.09,3,player,0.6933,580.1,41.97,604.27,89.25
186,8.09,204,player,0.7005,612.12,26.77,639.75,67.09
186,8.09,205,player,0.6358,698.53,31.21,723.08,80.1
186,8.09,214,player,0.6209,720.67,31.39,740.44,83.21
186,8.09,219,player,0.4655,734.24,32.63,754.26,81.39
186,8.09,220,player,0.6948,675.85,30.78,693.64,84.88
186,8.09,140,player,0.5805,512.63,239.96,537.55,262.15
186,8.09,187,player,0.2466,1024.55,60.94,1056.48,89.1
186,8.09,174,player,0.298,931.67,49.99,963.97,81.64
187,8.13,3,player,0.7032,581.51,48.05,603.95,92.08
187,8.13,204,player,0.7509,612.83,30.61,639.14,69.83
187,8.13,205,player,0.527,698.42,34.91,721.93,82.24
187,8.13,214,player,0.6291,719.86,34.94,739.3,86.12
187,8.13,219,player,0.388,734.26,35.89,753.49,83.03
187,8.13,220,player,0.6468,675.42,34.47,692.92,87.69
187,8.13,140,player,0.6546,512.83,241.16,537.87,262.96
187,8.13,187,player,0.2932,1020.83,64.32,1052.11,92.03
187,8.13,159,player,0.4869,458.43,132.94,489.28,155.61
187,8.13,240,player,0.3981,344.29,142.68,368.48,162.83
188,8.17,3,player,0.7069,582.43,52.75,603.94,95.15
188,8.17,204,player,0.6228,613.33,34.3,638.89,73.22
188,8.17,205,player,0.5012,697.68,38.52,720.7,85.45
188,8.17,214,player,0.3906,719.17,38.79,738.25,88.96
188,8.17,220,player,0.5248,675.11,37.94,692.36,90.46
188,8.17,140,player,0.3088,512.51,241.94,537.44,263.35
188,8.17,187,player,0.2109,1016.56,67.12,1047.66,94.75
188,8.17,159,player,0.5396,458.12,134.65,485.84,156.27
189,8.22,3,player,0.6714,583.09,56.89,603.91,98.01
189,8.22,204,player,0.5843,613.97,38.07,638.19,75.57
189,8.22,205,player,0.5228,696.77,42.13,719.46,89.02
189,8.22,214,player,0.4844,718.33,42.24,737.08,91.6
189,8.22,220,player,0.554,674.83,41.53,691.98,93.57
189,8.22,140,player,0.7219,512.91,242.17,537.32,263.39
189,8.22,187,player,0.3341,1012.81,70.64,1042.86,97.4
189,8.22,159,player,0.5007,457.77,136.4,482.78,156.58
189,8.22,219,player,0.2696,732.21,42.93,750.9,88.99
190,8.26,3,player,0.6712,583.66,60.41,604.12,100.85
190,8.26,204,player,0.5822,614.39,41.8,638.02,78.93
190,8.26,205,player,0.3624,696.28,45.76,718.1,91.45
190,8.26,214,player,0.3639,716.81,45.99,735.39,94.81
190,8.26,220,player,0.5541,674.14,44.81,691.07,96.4
190,8.26,140,player,0.3944,513.27,242.65,536.07,262.8
190,8.26,159,player,0.4625,458.04,138.4,480.87,157.13
190,8.26,174,player,0.3029,920.05,62.98,949.88,92.85
191,8.3,3,player,0.5707,583.07,58.98,605.37,103.8
191,8.3,204,player,0.5333,614.71,45.57,637.81,82.55
191,8.3,205,player,0.5271,695.88,49.17,717.2,94.44
191,8.3,214,player,0.4144,715.63,49.09,734.09,97.59
191,8.3,220,player,0.5601,673.43,48.51,690.13,99.18
191,8.3,187,player,0.2624,1004.55,76.6,1034.53,103.54
192,8.35,3,player,0.5269,583.95,63.69,605.22,106.62
192,8.35,204,player,0.6727,615.13,48.89,637.79,85.81
192,8.35,205,player,0.5584,695.27,52.41,716.33,97.69
192,8.35,214,player,0.5528,715.12,52.52,733.26,100.4
192,8.35,220,player,0.6118,673.43,51.82,690.09,102.11
192,8.35,219,player,0.3155,727.64,53.03,746.37,99.05
193,8.39,3,player,0.6293,583.7,63.44,606.04,109.35
193,8.39,204,player,0.7242,615.46,52.42,637.35,88.56
193,8.39,205,player,0.6364,694.63,55.93,715.11,100.43
193,8.39,214,player,0.607,714.43,56.06,732.31,103.59
193,8.39,220,player,0.6432,673.27,55.52,689.7,104.74
193,8.39,219,player,0.4998,726.6,56.79,745.08,102.1
193,8.39,174,player,0.353,911.59,73.05,939.39,101.57
193,8.39,187,player,0.3344,997.44,83.03,1026.23,109.16
194,8.43,3,player,0.5904,585.33,71.03,605.33,112.08
194,8.43,204,player,0.6488,615.95,55.94,637.02,91.19
194,8.43,205,player,0.4444,694.1,59.36,714.04,103.24
194,8.43,214,player,0.4359,713.35,59.55,730.94,106.32
194,8.43,220,player,0.6624,672.73,58.96,689.14,107.65
194,8.43,219,player,0.3949,725.56,60.2,743.92,105.13
195,8.48,3,player,0.5454,585.19,70.9,606.37,114.85
195,8.48,204,player,0.6197,616.27,59.35,636.75,93.96
195,8.48,214,player,0.2658,713.2,63.33,730.31,108.72
195,8.48,220,player,0.6834,672.06,62.29,688.42,110.67
195,8.48,140,player,0.4074,513.93,244.34,533.35,261.99
196,8.52,3,player,0.7188,585.38,70.79,607.67,117.59
196,8.52,204,player,0.6552,616.37,62.97,636.72,97.66
196,8.52,214,player,0.4899,712.32,66.5,729.27,111.33
196,8.52,220,player,0.6026,671.85,65.64,688.08,113.39
196,8.52,249,player,0.461,460.71,149.78,477.31,167.84
196,8.52,140,player,0.2945,512.09,244.66,531.96,262.5
196,8.52,174,player,0.2875,903.08,82.23,929.97,110.39
196,8.52,205,player,0.3185,693.18,66.26,712.05,108.01
197,8.57,3,player,0.7476,586.25,74.18,607.94,120.1
197,8.57,204,player,0.6752,616.83,66.25,636.47,100.01
197,8.57,214,player,0.5674,711.68,69.59,728.34,113.75
197,8.57,220,player,0.6937,671.57,69.09,687.55,116.0
197,8.57,249,player,0.4595,461.3,151.2,477.58,168.88
197,8.57,140,player,0.5308,510.69,244.86,531.5,263.28
197,8.57,205,player,0.5052,692.56,69.29,711.28,111.14
198,8.61,3,player,0.6324,587.07,78.15,608.11,122.74
198,8.61,204,player,0.6865,617.19,69.56,636.41,102.84
198,8.61,214,player,0.35,710.28,72.63,726.95,116.93
198,8.61,220,player,0.6397,671.29,72.47,687.19,118.91
198,8.61,140,player,0.5063,510.27,245.04,532.31,264.32
198,8.61,219,player,0.4223,721.93,73.33,739.33,116.14
199,8.65,3,player,0.5273,587.3,80.92,608.05,125.2
199,8.65,204,player,0.6902,617.07,72.65,636.4,106.44
199,8.65,214,player,0.3988,709.53,75.85,725.97,119.46
199,8.65,220,player,0.6337,670.94,75.96,686.62,121.65
199,8.65,140,player,0.4999,510.97,245.3,533.27,264.61
199,8.65,219,player,0.2907,722.42,76.3,738.86,117.15
199,8.65,205,player,0.3231,691.46,75.7,709.74,116.87
200,8.7,3,player,0.4724,588.34,88.29,606.98,127.93
200,8.7,204,player,0.6546,617.42,75.78,636.32,109.07
200,8.7,214,player,0.3396,708.93,79.34,725.09,122.03
200,8.7,220,player,0.5277,670.3,79.48,685.61,123.7
200,8.7,140,player,0.3207,511.97,245.7,534.1,264.79
200,8.7,219,player,0.2974,722.76,79.59,737.23,115.24
200,8.7,205,player,0.253,691.6,79.13,708.7,117.71
201,8.74,3,player,0.6978,589.58,93.64,607.04,130.24
201,8.74,204,player,0.6458,617.48,78.94,636.02,111.59
201,8.74,214,player,0.3623,708.05,82.12,724.1,124.63
201,8.74,220,player,0.4839,669.83,82.88,684.78,126.09
201,8.74,140,player,0.3665,513.04,246.43,534.39,264.89
201,8.74,219,player,0.3365,720.19,82.56,735.98,121.42
201,8.74,205,player,0.3055,690.75,81.84,708.03,120.87
202,8.78,3,player,0.3467,590.1,97.72,606.92,132.61
202,8.78,204,player,0.445,617.66,81.74,636.32,114.76
202,8.78,220,player,0.2486,669.8,86.62,684.22,127.99
203,8.83,3,player,0.3691,590.12,98.65,607.66,134.91
203,8.83,204,player,0.5238,617.79,84.38,635.99,116.78
203,8.83,220,player,0.3671,669.48,89.82,683.76,130.59
204,8.87,3,player,0.6261,590.68,102.49,607.49,136.87
204,8.87,204,player,0.6186,618.27,87.21,635.54,117.96
204,8.87,220,player,0.2995,668.9,92.45,683.17,133.02
205,8.91,3,player,0.5839,591.15,105.62,607.56,138.88
205,8.91,204,player,0.5783,618.49,89.97,635.45,120.1
205,8.91,220,player,0.5793,668.54,95.39,682.6,135.4
205,8.91,253,player,0.5317,465.12,166.5,484.97,185.61
205,8.91,205,player,0.3317,689.11,92.74,705.43,129.64
206,8.96,3,player,0.5407,591.38,108.06,607.69,140.99
206,8.96,204,player,0.7106,618.52,92.52,635.55,122.84
206,8.96,220,player,0.3855,668.13,98.15,681.95,137.61
207,9.0,3,player,0.5873,590.15,104.5,609.01,143.14
207,9.0,204,player,0.6339,618.89,95.21,635.45,124.63
207,9.0,220,player,0.4446,667.65,100.76,681.25,139.74
208,9.04,3,player,0.6695,590.5,104.03,610.26,145.14
208,9.04,204,player,0.687,619.22,97.59,635.35,126.12
208,9.04,220,player,0.4299,667.49,103.45,680.85,141.76
209,9.09,3,player,0.4596,591.95,111.56,609.25,147.14
209,9.09,204,player,0.5767,619.15,100.01,635.56,129.14
210,9.13,3,player,0.2802,592.54,115.49,608.85,148.93
210,9.13,204,player,0.4038,619.39,102.6,635.33,130.74
211,9.17,3,player,0.4056,592.19,114.38,609.94,151.01
211,9.17,204,player,0.204,619.68,105.01,635.18,132.27
212,9.22,204,player,0.2636,619.86,107.32,634.89,133.57
213,9.26,204,player,0.2457,619.75,109.88,634.94,136.36
213,9.26,3,player,0.3023,593.65,122.59,609.17,154.26
214,9.3,204,player,0.2803,619.91,112.13,634.96,138.16
214,9.3,3,player,0.3529,594.2,125.64,609.31,156.19
215,9.35,204,player,0.2706,620.0,114.31,634.86,139.86
215,9.35,3,player,0.2892,594.41,128.02,609.38,158.04
216,9.39,204,player,0.313,620.32,116.49,634.78,141.15
216,9.39,3,player,0.4633,594.49,130.08,609.37,159.72
218,9.48,3,player,0.2815,594.62,134.7,609.07,163.37
220,9.57,3,player,0.3245,595.11,138.24,609.51,166.69
221,9.61,3,player,0.3691,595.4,140.7,609.25,167.97
221,9.61,140,player,0.6823,507.93,255.39,525.94,271.86
222,9.65,3,player,0.469,595.68,142.84,609.28,169.55
222,9.65,270,player,0.5496,475.01,211.18,498.36,227.47
222,9.65,140,player,0.6468,508.83,256.69,526.04,272.67
222,9.65,204,player,0.2515,620.66,128.7,634.42,152.07
223,9.7,3,player,0.4675,595.64,143.28,609.7,171.04
223,9.7,270,player,0.4313,475.43,213.01,498.47,229.08
223,9.7,140,player,0.4198,508.87,257.71,525.92,273.43
223,9.7,204,player,0.2643,620.75,130.52,634.57,153.93
224,9.74,3,player,0.4919,595.79,144.78,609.75,172.31
224,9.74,204,player,0.2293,620.66,132.13,634.3,155.13
225,9.78,3,player,0.3491,595.99,146.78,609.81,174.14
227,9.87,3,player,0.2638,596.6,151.26,609.46,176.74
229,9.96,3,player,0.2668,596.96,153.52,609.93,179.5
230,10.0,3,player,0.2872,597.37,155.17,610.16,180.8
231,10.04,3,player,0.3917,597.65,157.71,609.82,182.24
232,10.09,3,player,0.2982,597.73,158.05,610.32,183.51
233,10.13,3,player,0.3591,597.9,159.71,610.11,184.55
234,10.17,3,player,0.4124,597.91,160.39,610.32,185.93
235,10.22,3,player,0.4842,598.1,161.03,610.76,187.22
239,10.39,3,player,0.2826,599.32,166.65,611.55,191.96
242,10.52,3,player,0.2985,600.24,171.62,611.47,194.81
243,10.57,3,player,0.4562,600.5,172.87,611.58,195.74
244,10.61,3,player,0.5317,600.71,173.95,611.75,196.84
245,10.65,3,player,0.5143,601.01,175.76,611.8,198.01
246,10.7,3,player,0.4253,601.16,176.31,612.19,199.07
247,10.74,3,player,0.3299,601.49,177.72,612.42,200.18
248,10.78,3,player,0.267,601.96,179.5,612.52,201.06
249,10.83,3,player,0.2638,602.16,179.9,613.11,202.25
250,10.87,3,player,0.2472,602.52,181.37,613.25,203.24
251,10.91,3,player,0.2609,602.95,181.81,613.95,204.21
252,10.96,3,player,0.2605,603.28,182.76,614.24,204.98
253,11.0,3,player,0.2457,603.25,183.45,614.26,205.84
258,11.22,3,player,0.2649,604.36,189.36,614.86,210.36
259,11.26,3,player,0.3458,604.56,190.14,615.25,211.24
260,11.3,3,player,0.2331,604.71,191.37,615.36,212.24
