frame_number,timestamp_sec,object_id,team,confidence,bbox_x1,bbox_y1,bbox_x2,bbox_y2
4,0.14,4,Team A,0.9172,610,299,670,461
4,0.14,5,Team B,0.8537,6,330,79,485
4,0.14,6,Team A,0.8672,659,241,693,395
5,0.17,4,Team A,0.8888,609,300,679,462
5,0.17,5,Team B,0.8651,12,329,76,481
5,0.17,6,Team A,0.8607,660,240,694,395
5,0.17,7,Team A,0.7567,568,144,632,227
6,0.21,4,Team A,0.8892,608,299,684,462
6,0.21,5,Team B,0.8599,14,329,78,480
6,0.21,6,Team A,0.8443,661,240,695,394
6,0.21,7,Team A,0.7297,569,145,649,235
6,0.21,8,Team B,0.8744,1,328,39,486
7,0.24,4,Team A,0.8968,608,301,686,461
7,0.24,5,Team B,0.8543,8,329,77,479
7,0.24,6,Team A,0.8497,663,240,696,394
7,0.24,7,Team A,0.8817,570,146,652,236
7,0.24,8,Team B,0.8695,0,330,42,485
8,0.28,4,Team A,0.894,608,301,689,462
8,0.28,5,Team B,0.8641,7,329,80,479
8,0.28,6,Team A,0.8514,665,240,698,394
8,0.28,7,Team A,0.8788,572,148,654,236
8,0.28,8,Team B,0.8939,0,329,43,485
9,0.31,4,Team A,0.9033,608,299,691,461
9,0.31,5,Team B,0.8631,2,319,81,481
9,0.31,6,Team A,0.8656,667,240,700,394
9,0.31,7,Team A,0.8718,577,147,656,236
9,0.31,8,Team B,0.7966,0,324,38,481
10,0.34,4,Team A,0.9149,609,299,694,461
10,0.34,5,Team B,0.6596,10,319,82,481
10,0.34,6,Team A,0.8622,670,239,703,393
10,0.34,7,Team A,0.888,585,146,658,235
10,0.34,8,Team B,0.7884,0,318,38,474
11,0.38,4,Team A,0.9124,612,297,697,461
11,0.38,5,Team B,0.4747,11,322,74,479
11,0.38,6,Team A,0.8388,673,238,707,393
11,0.38,7,Team A,0.8692,595,145,662,235
11,0.38,8,Team B,0.7931,0,316,35,472
12,0.41,4,Team A,0.9044,613,294,701,461
12,0.41,5,Team B,0.4764,6,318,69,477
12,0.41,6,Team A,0.7954,676,238,710,393
12,0.41,7,Team A,0.6941,602,145,663,234
12,0.41,8,Team B,0.7877,0,316,36,470
13,0.45,4,Team A,0.9085,615,300,706,463
13,0.45,5,Team B,0.5621,11,321,62,471
13,0.45,6,Team A,0.7054,679,238,711,362
13,0.45,7,Team A,0.4854,610,144,662,233
13,0.45,8,Team B,0.8163,0,314,35,470
14,0.48,4,Team A,0.9016,619,300,712,460
14,0.48,5,Team B,0.7,1,314,60,469
14,0.48,6,Team A,0.7538,683,238,721,388
14,0.48,7,Team A,0.8493,622,142,684,232
15,0.52,4,Team A,0.9067,625,300,716,459
15,0.52,5,Team B,0.7382,0,314,58,469
15,0.52,6,Team A,0.6204,689,237,728,392
15,0.52,7,Team A,0.8163,626,142,691,232
16,0.55,4,Team A,0.8887,634,299,725,459
16,0.55,5,Team B,0.758,0,311,67,467
16,0.55,6,Team A,0.7927,698,236,736,392
16,0.55,7,Team A,0.7298,641,140,700,232
17,0.59,4,Team A,0.8847,643,299,732,459
17,0.59,5,Team B,0.7945,0,305,75,467
17,0.59,6,Team A,0.7417,707,236,746,392
17,0.59,7,Team A,0.7462,650,137,712,229
18,0.62,4,Team A,0.849,649,297,742,458
18,0.62,5,Team B,0.3622,1,302,81,465
18,0.62,6,Team A,0.7814,714,236,758,392
18,0.62,7,Team A,0.5698,656,134,723,228
19,0.66,4,Team A,0.7496,658,296,748,458
19,0.66,5,Team A,0.7972,0,295,129,466
19,0.66,7,Team A,0.4558,666,134,729,227
20,0.69,4,Team A,0.8255,668,295,763,457
20,0.69,5,Team A,0.7515,2,291,140,464
20,0.69,7,Team A,0.7706,677,130,738,227
20,0.69,6,Team A,0.587,735,235,780,389
21,0.72,4,Team A,0.7842,681,294,770,457
21,0.72,5,Team A,0.8831,2,289,107,458
21,0.72,7,Team A,0.7412,688,130,751,227
21,0.72,6,Team A,0.6893,748,234,790,389
22,0.76,4,Team A,0.847,696,293,779,454
22,0.76,5,Team A,0.9084,5,288,112,445
22,0.76,7,Team A,0.811,701,129,767,226
22,0.76,6,Team A,0.6735,761,233,802,386
23,0.79,4,Team A,0.5152,710,293,800,453
23,0.79,5,Team A,0.8686,13,288,121,451
24,0.83,4,Team A,0.3241,720,305,821,451
24,0.83,5,Team A,0.872,17,286,128,451
25,0.86,5,Team B,0.8529,18,285,131,449
26,0.9,5,Team B,0.8406,27,284,132,443
26,0.9,4,Team A,0.3324,756,293,858,448
27,0.93,5,Team B,0.7388,55,283,148,444
27,0.93,4,Team A,0.6555,778,291,869,448
28,0.97,5,Team B,0.8256,77,278,168,444
28,0.97,4,Team A,0.7645,802,289,901,448
29,1.0,5,Team B,0.6138,89,275,178,436
30,1.03,5,Team B,0.6274,86,259,200,436
31,1.07,5,Team B,0.7204,100,266,211,430
33,1.14,5,Team B,0.7241,135,263,228,418
34,1.17,5,Team B,0.3242,158,250,256,423
35,1.21,5,Team B,0.6153,185,248,269,423
38,1.31,5,Team B,0.4385,248,237,352,419
39,1.34,5,Team B,0.8248,266,235,384,419
55,1.9,12,Team B,0.7308,266,256,354,447
56,1.93,12,Team B,0.8639,270,254,361,446
56,1.93,14,Team B,0.7995,473,202,565,403
57,1.97,12,Team B,0.8454,279,253,376,447
57,1.97,14,Team B,0.7542,487,222,574,401
58,2.0,12,Team B,0.8777,288,252,381,446
58,2.0,14,Team B,0.5509,497,197,579,404
59,2.03,12,Team B,0.8694,293,251,394,447
59,2.03,14,Team B,0.8202,507,221,592,404
59,2.03,18,Team A,0.7311,609,219,685,403
60,2.07,12,Team B,0.848,300,253,400,447
60,2.07,14,Team B,0.6295,517,226,605,402
60,2.07,18,Team A,0.5849,622,219,691,402
60,2.07,20,Team A,0.8235,65,237,140,402
61,2.1,12,Team B,0.8667,306,253,412,447
61,2.1,18,Team A,0.2655,632,222,704,402
61,2.1,20,Team A,0.5741,76,232,156,398
61,2.1,5,Team A,0.4261,630,137,784,400
62,2.14,12,Team B,0.868,315,255,415,447
62,2.14,20,Team A,0.6842,85,238,169,399
62,2.14,14,Team B,0.4276,543,216,626,400
63,2.17,12,Team B,0.8794,325,254,416,447
63,2.17,20,Team A,0.8409,98,238,177,400
63,2.17,14,Team B,0.8407,553,219,636,402
63,2.17,18,Team A,0.6881,662,224,745,401
64,2.21,12,Team B,0.893,336,249,416,446
64,2.21,20,Team A,0.8148,112,217,189,399
64,2.21,14,Team B,0.8445,567,216,653,402
64,2.21,18,Team A,0.8224,678,223,761,402
65,2.24,12,Team B,0.7888,344,246,421,444
65,2.24,20,Team A,0.8297,125,221,199,401
65,2.24,14,Team B,0.8333,580,213,668,398
65,2.24,18,Team A,0.6957,688,223,783,400
66,2.28,12,Team B,0.5763,352,244,430,442
66,2.28,20,Team A,0.6711,140,216,209,398
66,2.28,14,Team B,0.2542,593,213,686,396
67,2.31,20,Team A,0.6838,149,211,224,395
67,2.31,14,Team B,0.4228,601,207,704,395
68,2.34,20,Team A,0.7914,168,205,240,395
68,2.34,14,Team B,0.6524,617,201,710,394
68,2.34,12,Team B,0.6884,377,265,455,442
69,2.38,20,Team A,0.7062,182,204,248,394
69,2.38,14,Team B,0.7813,637,201,719,399
69,2.38,12,Team B,0.8598,391,239,468,441
69,2.38,18,Team A,0.6818,762,198,855,401
70,2.41,20,Team A,0.8516,199,202,258,386
70,2.41,14,Team B,0.7301,644,201,735,402
70,2.41,12,Team B,0.8138,406,238,481,443
70,2.41,18,Team A,0.7058,780,215,870,400
71,2.45,20,Team A,0.8595,212,201,289,389
71,2.45,14,Team B,0.6218,643,202,751,401
71,2.45,12,Team B,0.6277,415,238,492,444
71,2.45,18,Team A,0.6147,798,199,889,400
72,2.48,20,Team A,0.8718,222,199,310,398
72,2.48,14,Team B,0.8193,665,206,764,402
72,2.48,12,Team B,0.6829,419,239,514,444
72,2.48,18,Team A,0.5517,811,195,902,401
72,2.48,27,Team A,0.8418,497,237,561,431
72,2.48,28,Team A,0.8027,609,216,687,406
73,2.52,20,Team A,0.8596,229,201,318,397
73,2.52,14,Team B,0.6834,684,209,767,405
73,2.52,12,Team B,0.8657,421,242,517,444
73,2.52,18,Team A,0.8539,818,194,906,401
73,2.52,27,Team A,0.8384,503,236,562,432
73,2.52,28,Team A,0.6665,621,211,687,405
74,2.55,20,Team A,0.8821,231,202,321,398
74,2.55,14,Team B,0.8133,678,210,769,406
74,2.55,12,Team B,0.8768,427,244,508,443
74,2.55,18,Team A,0.8311,826,192,908,401
74,2.55,27,Team A,0.8848,504,235,563,435
74,2.55,28,Team A,0.8561,625,210,685,406
75,2.59,20,Team A,0.8948,228,204,321,397
75,2.59,14,Team B,0.847,678,213,770,407
75,2.59,12,Team B,0.8702,427,244,503,443
75,2.59,18,Team A,0.8564,835,193,910,400
75,2.59,27,Team A,0.8778,502,235,563,435
75,2.59,28,Team A,0.8746,629,210,687,407
76,2.62,20,Team A,0.917,222,209,320,396
76,2.62,14,Team B,0.8727,674,215,773,406
76,2.62,12,Team B,0.8562,426,241,518,442
76,2.62,18,Team A,0.869,838,187,909,399
76,2.62,27,Team A,0.8657,500,234,560,434
76,2.62,28,Team A,0.8635,629,210,682,407
76,2.62,29,Team A,0.7936,890,189,954,350
77,2.66,20,Team A,0.902,218,212,317,397
77,2.66,14,Team B,0.8939,671,216,780,404
77,2.66,12,Team B,0.8593,418,236,512,441
77,2.66,18,Team A,0.6621,840,189,909,398
77,2.66,27,Team A,0.8819,494,233,555,434
77,2.66,28,Team A,0.8441,627,210,677,407
77,2.66,29,Team A,0.4718,887,197,951,349
78,2.69,20,Team A,0.9059,218,217,312,400
78,2.69,14,Team B,0.8195,669,222,777,403
78,2.69,12,Team B,0.8523,410,237,498,441
78,2.69,18,Team A,0.6487,842,194,908,398
78,2.69,27,Team A,0.8806,488,232,552,434
78,2.69,28,Team A,0.8427,625,211,676,408
79,2.72,20,Team A,0.9088,217,219,305,399
79,2.72,14,Team B,0.8727,667,224,768,404
79,2.72,12,Team B,0.8455,401,233,493,440
79,2.72,18,Team A,0.8534,849,198,907,397
79,2.72,27,Team A,0.8669,481,232,550,433
79,2.72,28,Team A,0.8021,623,211,675,407
79,2.72,29,Team A,0.76,842,183,954,344
80,2.76,20,Team A,0.9141,216,219,300,399
80,2.76,14,Team B,0.8425,666,224,769,403
80,2.76,12,Team B,0.8547,393,229,486,440
80,2.76,18,Team A,0.871,849,198,906,397
80,2.76,27,Team A,0.7992,475,233,548,433
80,2.76,28,Team A,0.816,619,211,671,407
80,2.76,29,Team A,0.4783,830,178,957,344
81,2.79,20,Team A,0.9188,215,219,293,398
81,2.79,14,Team B,0.8798,667,224,794,402
81,2.79,12,Team B,0.8579,388,227,482,439
81,2.79,18,Team A,0.8561,851,199,905,397
81,2.79,27,Team A,0.7853,465,232,544,433
81,2.79,28,Team A,0.8275,616,210,666,407
81,2.79,29,Team A,0.4061,838,177,957,346
82,2.83,20,Team A,0.9102,214,219,288,398
82,2.83,14,Team B,0.9188,666,223,801,402
82,2.83,12,Team B,0.8949,383,229,481,439
82,2.83,18,Team A,0.8652,850,199,904,397
82,2.83,27,Team B,0.8697,456,230,540,433
82,2.83,28,Team A,0.8525,613,210,663,407
83,2.86,20,Team A,0.915,213,218,284,398
83,2.86,14,Team B,0.8236,668,220,807,400
83,2.86,12,Team B,0.9057,380,228,479,439
83,2.86,18,Team A,0.865,848,197,903,397
83,2.86,27,Team B,0.8224,452,230,541,432
83,2.86,28,Team A,0.8496,609,208,659,406
84,2.9,20,Team A,0.9135,212,216,283,398
84,2.9,14,Team B,0.8469,669,217,805,401
84,2.9,12,Team B,0.9013,379,229,477,439
84,2.9,18,Team A,0.8603,847,198,902,397
84,2.9,27,Team A,0.7783,454,230,540,433
84,2.9,28,Team A,0.8727,607,208,657,407
85,2.93,20,Team A,0.9029,211,214,281,398
85,2.93,14,Team B,0.8464,677,220,804,394
85,2.93,12,Team B,0.9003,379,229,473,439
85,2.93,18,Team A,0.8794,846,199,902,398
85,2.93,27,Team A,0.766,447,231,539,433
85,2.93,28,Team A,0.8896,603,207,656,407
86,2.97,20,Team A,0.9019,210,213,280,398
86,2.97,14,Team B,0.5305,701,217,806,396
86,2.97,12,Team B,0.9076,379,229,469,438
86,2.97,18,Team A,0.8658,846,200,902,398
86,2.97,27,Team A,0.8172,446,230,538,433
86,2.97,28,Team A,0.8742,598,207,655,407
86,2.97,30,Team B,0.827,796,177,852,337
86,2.97,31,Ball,0.7107,337,295,357,314
86,2.97,32,Team A,0.6857,646,172,694,347
86,2.97,33,Team A,0.74,710,167,759,242
87,3.0,20,Team A,0.9044,208,212,279,399
87,3.0,14,Team B,0.6416,704,217,820,399
87,3.0,12,Team B,0.9035,379,230,469,438
87,3.0,18,Team A,0.8438,847,199,901,398
87,3.0,27,Team A,0.8779,443,231,537,434
87,3.0,28,Team A,0.8831,596,207,654,408
87,3.0,30,Team B,0.7358,789,175,850,338
87,3.0,31,Ball,0.7329,337,295,357,315
87,3.0,32,Team A,0.7665,641,174,699,350
87,3.0,33,Team A,0.79,703,166,760,243
88,3.03,20,Team A,0.9039,203,211,277,399
88,3.03,14,Team B,0.7879,709,216,828,399
88,3.03,12,Team B,0.9087,377,232,465,439
88,3.03,18,Team A,0.8408,844,199,899,398
88,3.03,27,Team A,0.8674,440,231,535,434
88,3.03,28,Team A,0.8913,592,207,653,409
88,3.03,30,Team B,0.5803,774,173,854,337
88,3.03,31,Ball,0.7172,335,295,355,315
88,3.03,32,Team A,0.7683,636,172,682,349
88,3.03,33,Team A,0.7569,700,166,758,242
89,3.07,20,Team A,0.9025,198,210,274,399
89,3.07,14,Team B,0.8047,712,213,818,399
89,3.07,12,Team B,0.8728,367,234,461,439
89,3.07,18,Team A,0.8275,844,199,897,398
89,3.07,27,Team A,0.8465,437,233,531,435
89,3.07,28,Team A,0.8952,590,210,652,412
89,3.07,30,Team B,0.5937,777,169,842,336
89,3.07,31,Ball,0.6693,332,295,352,315
89,3.07,32,Team A,0.8218,629,172,677,351
89,3.07,33,Team A,0.7107,698,165,755,237
90,3.1,20,Team A,0.8945,190,210,271,399
90,3.1,14,Team B,0.7504,710,210,807,398
90,3.1,12,Team B,0.8725,361,236,459,441
90,3.1,18,Team A,0.819,836,199,896,399
90,3.1,27,Team A,0.8721,431,194,527,436
90,3.1,28,Team A,0.8755,585,212,652,413
90,3.1,30,Team B,0.8069,773,164,832,337
90,3.1,31,Ball,0.4712,326,295,348,315
90,3.1,32,Team A,0.552,623,171,668,346
90,3.1,33,Team A,0.625,695,165,752,235
90,3.1,35,Team B,0.8983,673,203,751,362
91,3.14,20,Team A,0.8927,178,209,268,399
91,3.14,14,Team B,0.5944,711,206,822,399
91,3.14,12,Team B,0.8765,355,241,452,443
91,3.14,18,Team A,0.8129,830,200,896,400
91,3.14,27,Team A,0.8859,424,190,520,436
91,3.14,28,Team A,0.8422,580,214,650,414
91,3.14,30,Team B,0.3472,762,160,829,339
91,3.14,33,Team A,0.699,689,163,748,235
91,3.14,35,Team B,0.8947,674,202,752,369
92,3.17,20,Team A,0.8942,171,209,261,400
92,3.17,14,Team B,0.8452,706,206,831,398
92,3.17,12,Team B,0.8644,350,246,448,444
92,3.17,18,Team A,0.8273,826,200,888,400
92,3.17,27,Team A,0.8906,420,188,514,435
92,3.17,28,Team A,0.8444,575,214,648,414
92,3.17,33,Team A,0.7407,684,162,744,234
92,3.17,35,Team B,0.8903,673,202,753,376
92,3.17,32,Team A,0.3886,605,170,656,346
93,3.21,20,Team A,0.894,166,209,255,401
93,3.21,14,Team B,0.8737,706,203,841,395
93,3.21,12,Team B,0.8382,345,248,440,445
93,3.21,18,Team A,0.8172,829,199,883,402
93,3.21,27,Team A,0.7961,414,187,508,436
93,3.21,28,Team A,0.8718,571,216,637,415
93,3.21,33,Team A,0.7179,679,161,739,235
93,3.21,35,Team B,0.8804,670,201,749,380
93,3.21,32,Team A,0.3836,599,167,649,348
94,3.24,20,Team A,0.8926,157,208,248,402
94,3.24,14,Team B,0.8553,710,201,843,394
94,3.24,12,Team B,0.8891,339,249,431,446
94,3.24,18,Team A,0.8494,823,199,880,402
94,3.24,27,Team A,0.8331,410,225,498,438
94,3.24,28,Team A,0.8913,565,215,633,416
94,3.24,33,Team A,0.7507,675,160,735,234
94,3.24,35,Team B,0.8844,668,201,750,384
95,3.28,20,Team A,0.8857,144,208,237,402
95,3.28,14,Team B,0.8333,709,200,835,396
95,3.28,12,Team B,0.8732,329,249,421,447
95,3.28,18,Team A,0.8404,817,199,876,403
95,3.28,27,Team A,0.8036,398,191,486,439
95,3.28,28,Team A,0.8768,556,214,629,417
95,3.28,33,Team A,0.8027,666,160,729,235
95,3.28,35,Team B,0.8605,661,203,747,386
96,3.31,20,Team A,0.874,133,207,226,403
96,3.31,14,Team B,0.857,710,201,831,395
96,3.31,12,Team B,0.864,320,247,406,447
96,3.31,18,Team A,0.8243,813,199,871,402
96,3.31,27,Team A,0.8551,389,185,475,439
96,3.31,28,Team A,0.8692,549,213,623,418
96,3.31,33,Team A,0.7519,661,159,722,234
96,3.31,35,Team B,0.7678,656,202,746,387
97,3.34,20,Team A,0.856,123,206,222,403
97,3.34,14,Team B,0.8945,710,200,829,395
97,3.34,12,Team B,0.8465,310,243,396,448
97,3.34,18,Team A,0.8088,811,198,866,403
97,3.34,27,Team A,0.8331,381,183,468,439
97,3.34,28,Team A,0.8737,541,212,620,419
97,3.34,33,Team A,0.7121,655,158,719,233
97,3.34,35,Team B,0.8021,655,203,737,387
98,3.38,20,Team A,0.8096,114,208,206,404
98,3.38,14,Team B,0.8885,708,200,824,395
98,3.38,12,Team B,0.7851,301,241,385,447
98,3.38,18,Team A,0.7933,804,200,861,403
98,3.38,27,Team A,0.8573,371,180,459,442
98,3.38,28,Team A,0.8717,533,211,615,419
98,3.38,33,Team A,0.626,650,160,715,234
98,3.38,35,Team B,0.8363,649,203,734,390
99,3.41,20,Team A,0.8747,110,207,192,405
99,3.41,14,Team B,0.8852,704,200,817,396
99,3.41,12,Team B,0.7857,297,240,377,447
99,3.41,18,Team A,0.7561,797,201,856,402
99,3.41,27,Team B,0.8758,365,180,447,443
99,3.41,28,Team A,0.9048,526,212,608,420
99,3.41,33,Team A,0.3105,643,159,707,239
99,3.41,35,Team B,0.8379,651,204,733,392
100,3.45,20,Team A,0.8861,96,206,179,407
100,3.45,14,Team B,0.8322,705,201,807,395
100,3.45,12,Team B,0.8886,287,241,370,443
100,3.45,18,Team A,0.7753,778,199,857,404
100,3.45,27,Team A,0.7959,357,220,436,443
100,3.45,28,Team A,0.8991,518,212,606,421
100,3.45,35,Team B,0.8561,641,205,726,392
100,3.45,32,Team A,0.4162,527,167,576,348
101,3.48,20,Team A,0.8732,85,207,171,408
101,3.48,14,Team A,0.702,699,202,801,393
101,3.48,12,Team B,0.8495,278,243,364,441
101,3.48,18,Team B,0.8402,773,200,843,406
101,3.48,27,Team A,0.7562,349,228,426,444
101,3.48,28,Team A,0.8886,511,213,605,423
101,3.48,35,Team B,0.8858,637,208,720,387
101,3.48,32,Team A,0.8194,501,166,564,351
101,3.48,33,Team A,0.3515,624,157,718,240
102,3.52,20,Team A,0.8448,71,206,160,408
102,3.52,14,Team A,0.7371,683,202,833,403
102,3.52,12,Team B,0.843,270,246,358,442
102,3.52,27,Team A,0.7712,338,188,428,446
102,3.52,28,Team A,0.8687,498,217,606,426
102,3.52,35,Team B,0.8288,637,209,713,386
102,3.52,32,Team A,0.7941,487,164,559,353
103,3.55,20,Team A,0.8408,57,206,155,407
103,3.55,14,Team A,0.8169,686,204,833,407
103,3.55,12,Team B,0.7596,262,243,353,442
103,3.55,27,Team B,0.847,327,181,414,447
103,3.55,28,Team A,0.8819,488,220,601,426
103,3.55,35,Team B,0.8047,632,208,708,389
103,3.55,32,Team A,0.8382,479,163,550,353
104,3.59,20,Team A,0.8412,51,206,142,409
104,3.59,14,Team A,0.3438,684,202,832,408
104,3.59,12,Team B,0.8489,254,241,349,445
104,3.59,27,Team B,0.805,318,179,402,447
104,3.59,28,Team A,0.8771,480,219,589,428
104,3.59,35,Team B,0.3738,623,209,703,394
104,3.59,32,Team A,0.7889,473,163,538,353
104,3.59,18,Team A,0.5464,744,202,825,405
105,3.62,20,Team A,0.8702,43,206,130,410
105,3.62,14,Team A,0.8661,698,202,820,411
105,3.62,12,Team B,0.844,248,242,343,446
105,3.62,27,Team B,0.8717,309,180,393,448
105,3.62,28,Team A,0.9097,475,220,584,429
105,3.62,35,Team B,0.6975,610,210,720,398
105,3.62,32,Team A,0.8099,464,163,524,353
105,3.62,33,Team A,0.2987,584,154,704,252
106,3.66,20,Team A,0.9089,28,206,115,412
106,3.66,14,Team A,0.8602,684,202,815,410
106,3.66,12,Team B,0.844,240,236,337,446
106,3.66,27,Team B,0.8435,299,181,380,449
106,3.66,28,Team A,0.9181,471,216,575,430
106,3.66,35,Team B,0.7166,608,211,718,400
106,3.66,32,Team A,0.8207,449,161,511,353
107,3.69,20,Team A,0.8893,12,205,101,414
107,3.69,14,Team A,0.5761,679,197,811,411
107,3.69,12,Team B,0.7466,230,256,326,447
107,3.69,27,Team B,0.8247,285,178,370,450
107,3.69,28,Team A,0.9141,472,214,568,432
107,3.69,35,Team B,0.8362,603,211,715,402
107,3.69,32,Team A,0.8541,432,159,496,355
107,3.69,18,Team A,0.4765,729,202,808,407
108,3.72,20,Team A,0.8869,0,206,88,414
108,3.72,14,Team A,0.792,682,202,808,417
108,3.72,12,Team B,0.8667,224,233,316,445
108,3.72,27,Team B,0.7214,276,221,362,452
108,3.72,28,Team A,0.9006,472,213,564,432
108,3.72,35,Team B,0.7912,600,211,709,404
108,3.72,32,Team A,0.8704,416,158,487,358
109,3.76,27,Team A,0.921,259,157,392,536
110,3.79,27,Team A,0.9258,259,151,393,536
111,3.83,27,Team A,0.9287,258,150,394,535
112,3.86,27,Team A,0.9289,258,148,395,535
112,3.86,40,Team A,0.9279,0,136,70,540
112,3.86,41,Team A,0.8839,697,99,896,498
112,3.86,42,Team A,0.8827,609,259,802,540
112,3.86,43,Team B,0.8719,385,98,723,540
113,3.9,27,Team A,0.9297,255,149,395,535
113,3.9,40,Team A,0.9286,0,141,70,534
113,3.9,41,Team A,0.8964,681,92,888,499
113,3.9,42,Team A,0.8846,625,270,848,536
113,3.9,43,Team B,0.8667,396,102,719,536
114,3.93,27,Team A,0.9324,246,154,396,535
114,3.93,40,Team A,0.9123,0,142,67,534
114,3.93,41,Team A,0.9083,685,89,888,517
114,3.93,42,Team A,0.8629,629,274,843,534
114,3.93,43,Team A,0.8747,406,50,756,533
115,3.97,27,Team A,0.9337,240,152,396,535
115,3.97,40,Team A,0.9038,0,145,64,533
115,3.97,41,Team A,0.7929,690,88,890,530
115,3.97,42,Team A,0.8964,634,275,846,535
115,3.97,43,Team A,0.8084,409,46,769,530
116,4.0,27,Team A,0.9296,234,145,396,535
116,4.0,40,Team A,0.8424,0,153,60,523
116,4.0,41,Team A,0.8498,723,87,894,534
116,4.0,42,Team A,0.8756,641,275,847,535
116,4.0,43,Team B,0.7249,411,86,772,530
117,4.03,27,Team A,0.928,225,154,396,535
117,4.03,40,Team A,0.8064,0,163,53,494
117,4.03,41,Team B,0.9049,706,88,898,535
117,4.03,42,Team A,0.8769,650,278,855,536
117,4.03,43,Team B,0.7859,412,107,787,533
118,4.07,27,Team A,0.938,217,155,396,535
118,4.07,40,Team A,0.8129,0,226,48,488
118,4.07,41,Team A,0.5473,721,88,905,537
118,4.07,42,Team A,0.9114,664,278,862,535
118,4.07,43,Team B,0.7689,413,111,763,535
119,4.1,27,Team A,0.9452,207,156,393,534
119,4.1,40,Team A,0.7585,0,246,41,492
119,4.1,41,Team A,0.8283,778,87,914,537
119,4.1,42,Team A,0.8951,673,280,865,535
119,4.1,43,Team B,0.7644,417,108,739,535
120,4.14,27,Team A,0.9434,193,154,391,534
120,4.14,41,Team A,0.8619,804,85,923,535
120,4.14,42,Team B,0.8902,680,283,871,535
120,4.14,43,Team A,0.5819,418,108,649,535
121,4.17,27,Team A,0.9323,180,160,389,534
121,4.17,41,Team A,0.8963,792,83,932,535
121,4.17,42,Team B,0.8687,686,285,877,535
121,4.17,43,Team A,0.5834,442,104,669,533
122,4.21,27,Team A,0.9248,166,160,388,534
122,4.21,41,Team A,0.9066,792,82,939,535
122,4.21,42,Team B,0.9025,691,287,884,536
122,4.21,43,Team A,0.8416,458,101,673,534
123,4.24,27,Team A,0.9297,157,161,383,533
123,4.24,41,Team A,0.8504,814,81,943,536
123,4.24,42,Team B,0.8964,696,291,886,535
123,4.24,43,Team A,0.8534,440,100,671,534
124,4.28,27,Team A,0.9463,146,165,381,534
124,4.28,41,Team A,0.886,815,80,948,536
124,4.28,42,Team B,0.9204,703,297,889,536
124,4.28,43,Team A,0.6689,457,101,717,535
125,4.31,27,Team A,0.9362,128,164,376,533
125,4.31,41,Team B,0.8594,798,83,949,536
125,4.31,42,Team B,0.9259,706,302,889,536
125,4.31,43,Team A,0.8376,467,105,670,534
126,4.34,27,Team A,0.9234,111,161,373,532
126,4.34,41,Team B,0.9165,794,82,946,535
126,4.34,42,Team B,0.9213,706,308,890,536
126,4.34,43,Team A,0.8768,473,107,729,534
126,4.34,48,Team B,0.7823,643,69,852,533
127,4.38,27,Team A,0.9182,94,178,364,531
127,4.38,41,Team B,0.9007,799,82,946,535
127,4.38,42,Team B,0.908,708,313,892,536
127,4.38,43,Team A,0.8547,498,110,692,533
127,4.38,48,Team B,0.6809,633,68,850,532
128,4.41,27,Team A,0.8399,75,174,355,530
128,4.41,41,Team B,0.7569,795,85,946,535
128,4.41,42,Team B,0.9092,707,317,889,536
128,4.41,43,Team A,0.8551,499,110,706,533
128,4.41,48,Team B,0.3041,617,72,786,526
129,4.45,27,Team A,0.8638,58,179,342,531
129,4.45,41,Team B,0.7726,792,91,945,535
129,4.45,42,Team B,0.9135,705,324,888,536
129,4.45,43,Team A,0.8916,499,111,695,533
129,4.45,48,Team B,0.3788,629,91,794,531
130,4.48,27,Team A,0.9268,42,178,325,532
130,4.48,41,Team B,0.7816,792,95,940,535
130,4.48,42,Team B,0.9205,701,332,882,535
130,4.48,43,Team A,0.9196,492,111,720,533
130,4.48,48,Team B,0.4758,645,81,831,532
131,4.52,27,Team A,0.9394,21,183,303,533
131,4.52,41,Team B,0.8899,787,103,936,535
131,4.52,42,Team B,0.9124,698,339,875,536
131,4.52,43,Team A,0.8998,482,116,728,534
131,4.52,48,Team B,0.7364,607,76,838,535
132,4.55,27,Team A,0.9322,0,188,293,533
132,4.55,41,Team B,0.7201,736,101,931,534
132,4.55,42,Team B,0.8855,688,346,865,536
132,4.55,43,Team A,0.8926,467,122,736,534
132,4.55,48,Team B,0.3505,592,77,834,534
133,4.59,27,Team A,0.8569,0,204,266,529
133,4.59,41,Team B,0.8163,770,102,924,534
133,4.59,42,Team B,0.8304,677,350,861,536
133,4.59,43,Team A,0.8947,450,125,762,534
133,4.59,48,Team B,0.4972,634,82,827,533
134,4.62,27,Team A,0.9331,0,191,239,532
134,4.62,41,Team B,0.8808,769,104,919,534
134,4.62,42,Team A,0.8239,668,360,853,535
134,4.62,48,Team B,0.8253,579,88,825,532
135,4.66,27,Team A,0.9331,0,184,215,533
135,4.66,41,Team B,0.5192,753,104,909,532
135,4.66,42,Team A,0.8466,662,361,842,535
135,4.66,48,Team B,0.7941,564,94,822,524
135,4.66,43,Team A,0.7402,431,129,727,533
136,4.69,27,Team A,0.9384,0,197,187,533
136,4.69,41,Team B,0.5262,667,100,900,532
136,4.69,42,Team A,0.8334,641,366,830,535
136,4.69,43,Team A,0.921,422,129,699,534
137,4.72,27,Team A,0.883,0,201,150,525
137,4.72,41,Team B,0.5204,653,104,890,533
137,4.72,42,Team A,0.8502,624,372,813,535
137,4.72,43,Team A,0.9066,409,130,694,534
137,4.72,48,Team A,0.4966,547,94,735,528
138,4.76,41,Team A,0.7598,561,109,883,533
138,4.76,42,Team A,0.8514,610,376,798,536
138,4.76,43,Team A,0.6461,393,192,614,535
139,4.79,41,Team A,0.8261,535,114,875,532
139,4.79,43,Team A,0.2863,375,205,589,535
139,4.79,27,Team A,0.7203,0,214,110,531
140,4.83,41,Team A,0.5012,510,115,874,532
140,4.83,43,Team A,0.8321,344,152,570,534
140,4.83,48,Team A,0.3013,508,80,658,530
141,4.86,41,Team A,0.6924,608,109,882,532
141,4.86,43,Team A,0.2738,319,147,531,533
141,4.86,48,Team A,0.3478,489,77,645,529
141,4.86,42,Team B,0.5731,535,379,754,535
142,4.9,41,Team B,0.8639,663,123,850,533
142,4.9,43,Team A,0.8371,311,145,597,534
142,4.9,48,Team A,0.6581,477,67,627,529
142,4.9,42,Team B,0.8567,515,377,734,535
143,4.93,41,Team B,0.8797,667,120,840,534
143,4.93,43,Team A,0.7843,290,141,563,533
143,4.93,48,Team A,0.4416,467,67,614,529
143,4.93,42,Team A,0.8715,495,377,708,535
144,4.97,41,Team B,0.6961,540,152,833,533
144,4.97,43,Team A,0.7175,271,135,539,532
144,4.97,42,Team A,0.829,479,380,696,535
145,5.0,41,Team B,0.7964,455,153,825,532
145,5.0,43,Team A,0.6506,249,129,525,531
146,5.03,41,Team B,0.475,422,108,821,532
146,5.03,43,Team A,0.8393,222,124,517,532
146,5.03,42,Team A,0.6477,432,381,656,534
147,5.07,41,Team A,0.645,415,79,808,531
147,5.07,43,Team A,0.6478,202,123,481,533
147,5.07,42,Team A,0.878,417,379,640,535
148,5.1,41,Team B,0.8235,591,95,796,532
148,5.1,43,Team A,0.8713,194,120,444,534
148,5.1,42,Team A,0.8231,395,382,612,535
149,5.14,41,Team B,0.8768,597,94,788,532
149,5.14,43,Team A,0.9097,178,103,424,534
149,5.14,42,Team A,0.8773,369,386,585,535
150,5.17,41,Team B,0.8488,586,93,789,531
150,5.17,43,Team A,0.8785,160,110,412,534
150,5.17,42,Team A,0.8355,342,392,552,536
151,5.21,41,Team A,0.4095,565,93,810,529
151,5.21,43,Team A,0.7305,147,117,430,533
151,5.21,42,Team A,0.3191,311,390,542,535
152,5.24,41,Team A,0.7367,565,94,805,528
152,5.24,43,Team A,0.865,139,111,372,533
152,5.24,42,Team A,0.361,289,404,517,535
153,5.28,41,Team A,0.8093,551,99,805,533
153,5.28,43,Team A,0.9015,134,103,337,534
153,5.28,42,Team A,0.7135,279,399,487,536
154,5.31,41,Team A,0.9091,533,100,808,533
154,5.31,43,Team A,0.9206,129,102,306,533
154,5.31,42,Team A,0.8585,258,395,457,535
155,5.34,41,Team A,0.8203,525,103,811,533
155,5.34,43,Team A,0.9199,118,96,283,534
155,5.34,42,Team A,0.8033,237,402,430,535
156,5.38,41,Team A,0.9172,543,110,809,532
156,5.38,43,Team A,0.9125,104,99,270,533
156,5.38,42,Team A,0.6662,211,397,412,535
157,5.41,41,Team A,0.9071,546,112,806,532
157,5.41,43,Team A,0.9074,92,96,251,533
157,5.41,42,Team A,0.5752,178,400,385,534
157,5.41,52,Team A,0.8914,361,35,568,523
158,5.45,41,Team A,0.8448,547,109,802,532
158,5.45,43,Team A,0.8905,79,96,238,533
158,5.45,42,Team A,0.769,166,396,365,535
158,5.45,52,Team A,0.8887,348,36,568,529
159,5.48,41,Team A,0.8159,543,111,793,532
159,5.48,43,Team A,0.893,68,97,225,534
159,5.48,42,Team A,0.7908,144,394,350,536
159,5.48,52,Team A,0.4539,338,46,573,532
160,5.52,41,Team A,0.6098,537,106,777,533
160,5.52,43,Team A,0.9174,59,94,215,533
160,5.52,42,Team A,0.8573,123,393,321,535
160,5.52,52,Team A,0.6589,317,55,521,534
161,5.55,41,Team A,0.4574,538,99,759,531
161,5.55,43,Team A,0.9155,44,94,208,534
161,5.55,42,Team A,0.8701,103,387,304,535
161,5.55,52,Team A,0.8757,304,61,556,533
162,5.59,41,Team A,0.8093,531,82,745,532
162,5.59,43,Team A,0.9113,31,96,210,533
162,5.59,42,Team A,0.8735,89,385,287,535
162,5.59,52,Team A,0.8687,289,64,550,534
163,5.62,41,Team A,0.6697,528,71,733,532
163,5.62,43,Team A,0.9096,22,96,198,533
163,5.62,42,Team A,0.8477,72,385,280,535
163,5.62,52,Team A,0.6739,281,65,539,534
163,5.62,53,Team A,0.841,793,159,944,535
164,5.66,41,Team A,0.8901,525,63,716,532
164,5.66,43,Team A,0.9248,14,95,193,534
164,5.66,42,Team A,0.8641,63,384,267,535
164,5.66,52,Team A,0.7443,279,66,518,533
164,5.66,53,Team A,0.9152,775,161,958,535
164,5.66,55,Team A,0.8288,865,457,946,537
165,5.69,41,Team A,0.9133,524,61,699,535
165,5.69,43,Team A,0.9218,11,99,189,534
165,5.69,42,Team A,0.8865,51,384,248,535
165,5.69,52,Team A,0.7722,277,64,504,533
165,5.69,53,Team A,0.9356,768,161,960,535
165,5.69,55,Team A,0.7647,867,459,957,539
166,5.72,41,Team A,0.7083,522,61,691,535
166,5.72,43,Team A,0.9215,30,99,184,505
166,5.72,42,Team A,0.9083,11,385,231,535
166,5.72,52,Team A,0.7341,272,65,459,533
166,5.72,53,Team A,0.9196,757,162,960,534
166,5.72,55,Team A,0.77,860,458,954,540
167,5.76,41,Team A,0.7014,489,63,683,536
167,5.76,43,Team A,0.9052,30,99,181,492
167,5.76,42,Team A,0.909,8,385,209,535
167,5.76,52,Team A,0.5991,268,63,493,533
167,5.76,53,Team A,0.9449,743,161,955,535
167,5.76,55,Team A,0.7713,854,461,948,540
168,5.79,41,Team A,0.7544,434,66,682,535
168,5.79,43,Team A,0.7842,29,99,180,451
168,5.79,42,Team A,0.913,8,388,200,536
168,5.79,52,Team A,0.893,261,62,482,533
168,5.79,53,Team A,0.9412,733,163,942,536
168,5.79,55,Team A,0.7693,851,459,944,540
169,5.83,41,Team A,0.8274,444,74,689,533
169,5.83,43,Team A,0.8446,29,98,181,439
169,5.83,42,Team A,0.9011,0,390,190,535
169,5.83,52,Team A,0.8892,253,63,499,532
169,5.83,53,Team A,0.9043,720,158,929,535
169,5.83,55,Team A,0.7519,850,459,939,539
169,5.83,56,Team B,0.8746,373,63,532,530
170,5.86,41,Team A,0.9021,484,79,691,535
170,5.86,43,Team A,0.8325,26,96,180,471
170,5.86,42,Team A,0.891,0,394,182,535
170,5.86,52,Team A,0.6952,246,63,411,532
170,5.86,53,Team A,0.9054,708,162,919,535
170,5.86,55,Team A,0.7436,846,458,935,539
170,5.86,56,Team A,0.8708,352,56,539,534
171,5.9,41,Team A,0.894,470,98,694,534
171,5.9,43,Team A,0.9113,22,96,173,487
171,5.9,42,Team A,0.8974,0,398,167,535
171,5.9,52,Team A,0.9112,242,64,466,531
171,5.9,53,Team A,0.9205,700,162,902,535
171,5.9,55,Team A,0.699,840,453,930,539
171,5.9,56,Team A,0.8805,327,56,539,533
172,5.93,41,Team A,0.9109,465,107,696,534
172,5.93,43,Team A,0.9376,20,96,171,494
172,5.93,42,Team A,0.9171,0,401,156,535
172,5.93,52,Team A,0.9305,239,67,465,533
172,5.93,53,Team A,0.935,694,166,882,535
172,5.93,55,Team A,0.701,830,454,927,539
172,5.93,56,Team A,0.6298,361,62,538,533
173,5.97,41,Team A,0.9102,463,108,692,534
173,5.97,43,Team A,0.9217,16,95,169,497
173,5.97,42,Team A,0.8904,0,402,150,535
173,5.97,52,Team A,0.8442,233,69,480,533
173,5.97,53,Team A,0.8895,683,167,870,535
173,5.97,55,Team A,0.601,808,451,926,539
173,5.97,56,Team A,0.7879,318,59,540,532
174,6.0,41,Team A,0.9257,459,104,689,534
174,6.0,43,Team A,0.929,12,96,168,505
174,6.0,42,Team A,0.8889,0,403,141,535
174,6.0,52,Team A,0.8787,225,70,463,533
174,6.0,53,Team A,0.7379,672,170,866,535
174,6.0,55,Team A,0.6038,795,450,924,540
174,6.0,56,Team A,0.8924,295,63,543,534
174,6.0,57,Team B,0.7159,885,193,960,534
175,6.03,41,Team A,0.9244,456,99,682,534
175,6.03,43,Team A,0.9235,11,96,165,510
175,6.03,42,Team A,0.8755,0,400,133,535
175,6.03,52,Team A,0.8999,220,69,459,534
175,6.03,53,Team A,0.7714,677,174,841,534
175,6.03,55,Team A,0.5217,816,448,918,540
175,6.03,56,Team A,0.8549,301,64,538,535
176,6.07,41,Team A,0.9242,450,95,683,534
176,6.07,43,Team A,0.9089,11,96,165,519
176,6.07,42,Team A,0.6807,0,399,126,535
176,6.07,52,Team A,0.9178,216,64,451,534
176,6.07,53,Team A,0.8663,660,176,827,534
176,6.07,55,Team A,0.7075,826,444,917,539
176,6.07,56,Team A,0.8615,275,64,538,536
176,6.07,57,Team A,0.7047,816,169,959,535
177,6.1,41,Team A,0.9243,446,88,681,535
177,6.1,43,Team A,0.9146,11,97,161,521
177,6.1,42,Team A,0.8156,0,394,122,535
177,6.1,52,Team A,0.8858,209,64,445,535
177,6.1,53,Team A,0.8916,652,178,823,534
177,6.1,55,Team A,0.7465,824,441,916,539
177,6.1,56,Team A,0.8743,265,72,538,535
177,6.1,57,Team A,0.7619,798,163,958,527
178,6.14,41,Team A,0.9103,425,78,677,536
178,6.14,43,Team A,0.9234,10,100,155,533
178,6.14,42,Team A,0.838,0,392,117,535
178,6.14,52,Team A,0.8257,202,61,453,536
178,6.14,53,Team A,0.8943,636,180,807,534
178,6.14,55,Team A,0.693,821,440,913,538
178,6.14,56,Team A,0.8359,276,82,529,535
178,6.14,57,Team A,0.8298,782,158,944,533
179,6.17,41,Team A,0.9323,428,68,667,536
179,6.17,43,Team A,0.9277,12,102,153,535
179,6.17,42,Team A,0.833,0,381,108,536
179,6.17,52,Team A,0.929,193,61,420,535
179,6.17,53,Team A,0.9253,626,181,798,535
179,6.17,55,Team A,0.7972,820,438,912,538
179,6.17,56,Team A,0.8248,288,83,522,535
179,6.17,57,Team A,0.8618,767,162,923,533
180,6.21,41,Team A,0.9269,391,62,662,534
180,6.21,43,Team A,0.9258,17,103,153,534
180,6.21,42,Team A,0.7536,0,380,105,536
180,6.21,52,Team A,0.8077,180,60,418,535
180,6.21,53,Team A,0.8989,618,181,792,534
180,6.21,55,Team A,0.7701,823,437,911,538
180,6.21,56,Team A,0.8391,296,94,513,535
180,6.21,57,Team A,0.8243,758,147,913,534
181,6.24,41,Team A,0.9077,413,59,648,532
181,6.24,43,Team A,0.9274,19,104,155,535
181,6.24,42,Team A,0.7647,0,386,95,537
181,6.24,52,Team A,0.8626,170,61,405,535
181,6.24,53,Team A,0.8694,610,184,786,535
181,6.24,55,Team A,0.8063,818,435,911,539
181,6.24,56,Team A,0.8383,309,92,507,535
181,6.24,57,Team A,0.8025,742,146,899,531
182,6.28,41,Team A,0.9271,400,53,637,530
182,6.28,43,Team A,0.9146,22,103,157,534
182,6.28,42,Team A,0.7001,0,388,89,536
182,6.28,52,Team A,0.8978,159,63,442,537
182,6.28,53,Team A,0.9066,605,181,783,534
182,6.28,55,Team A,0.8193,819,435,910,539
182,6.28,56,Team A,0.881,326,85,504,535
182,6.28,57,Team A,0.837,734,152,879,533
183,6.31,41,Team A,0.8949,402,74,642,534
183,6.31,43,Team A,0.9079,24,103,161,535
183,6.31,42,Team A,0.7745,0,390,86,536
183,6.31,52,Team A,0.8417,155,68,409,537
183,6.31,53,Team A,0.9372,601,179,783,535
183,6.31,55,Team A,0.8048,820,434,911,539
183,6.31,56,Team A,0.8643,327,86,500,535
183,6.31,57,Team A,0.849,728,154,855,535
184,6.34,41,Team A,0.917,424,70,648,535
184,6.34,43,Team A,0.9029,27,102,166,534
184,6.34,42,Team A,0.7958,0,392,82,535
184,6.34,52,Team A,0.9176,151,73,436,536
184,6.34,53,Team A,0.9437,596,178,782,535
184,6.34,55,Team A,0.8232,821,434,911,538
184,6.34,56,Team A,0.8335,319,81,501,537
184,6.34,57,Team A,0.6755,704,166,837,523
185,6.38,41,Team A,0.9168,425,82,649,534
185,6.38,43,Team A,0.9192,29,101,171,533
185,6.38,42,Team A,0.743,0,405,74,536
185,6.38,52,Team A,0.806,152,77,423,536
185,6.38,53,Team A,0.9333,591,170,781,535
185,6.38,55,Team A,0.7987,823,434,911,538
185,6.38,56,Team A,0.8615,318,81,504,536
186,6.41,41,Team A,0.8885,423,83,626,535
186,6.41,43,Team A,0.9186,31,100,177,528
186,6.41,42,Team A,0.6066,0,412,72,536
186,6.41,52,Team A,0.9072,140,79,432,536
186,6.41,53,Team A,0.9124,586,166,785,535
186,6.41,55,Team A,0.8394,827,434,914,539
186,6.41,56,Team A,0.8753,317,80,503,535
187,6.45,41,Team A,0.8875,422,84,621,534
187,6.45,43,Team A,0.9268,33,101,183,531
187,6.45,52,Team A,0.9037,137,81,432,535
187,6.45,53,Team A,0.9261,583,161,785,534
187,6.45,55,Team A,0.7938,828,433,916,539
187,6.45,56,Team A,0.8751,318,83,506,537
188,6.48,41,Team A,0.8947,421,87,615,533
188,6.48,43,Team A,0.9278,33,100,186,532
188,6.48,52,Team A,0.8222,136,81,435,535
188,6.48,53,Team A,0.9126,578,181,779,535
188,6.48,55,Team A,0.6319,829,432,917,538
188,6.48,56,Team A,0.8481,326,79,500,535
189,6.52,41,Team A,0.8321,420,91,608,531
189,6.52,43,Team A,0.9319,28,100,190,533
189,6.52,52,Team A,0.8347,175,81,413,534
189,6.52,53,Team A,0.9389,574,188,776,534
189,6.52,55,Team A,0.4941,829,430,919,538
189,6.52,56,Team A,0.8447,321,82,496,536
190,6.55,41,Team A,0.8629,418,70,600,534
190,6.55,43,Team A,0.8949,24,102,196,534
190,6.55,52,Team A,0.8624,157,80,396,534
190,6.55,53,Team A,0.9433,571,189,771,535
190,6.55,55,Team A,0.7628,829,428,922,538
190,6.55,56,Team A,0.8199,319,82,495,536
191,6.59,41,Team A,0.8253,398,64,597,535
191,6.59,43,Team A,0.9218,21,107,208,535
191,6.59,52,Team A,0.8224,173,79,393,534
191,6.59,53,Team A,0.9469,570,191,768,535
191,6.59,55,Team A,0.8218,832,424,927,537
191,6.59,56,Team A,0.7749,320,84,498,537
192,6.62,41,Team A,0.7929,404,58,593,526
192,6.62,43,Team A,0.9165,18,112,185,535
192,6.62,52,Team A,0.8728,192,77,382,536
192,6.62,53,Team A,0.9445,566,193,763,535
192,6.62,55,Team A,0.8574,832,421,927,537
192,6.62,56,Team A,0.7936,316,77,506,536
193,6.66,41,Team A,0.8025,420,57,591,497
193,6.66,43,Team A,0.8904,17,115,214,534
193,6.66,52,Team A,0.892,213,74,369,536
193,6.66,53,Team A,0.9424,566,194,758,535
193,6.66,55,Team A,0.8558,833,419,929,538
193,6.66,56,Team A,0.8613,321,83,515,535
194,6.69,41,Team A,0.4921,428,60,592,503
194,6.69,43,Team A,0.9388,19,123,229,535
194,6.69,52,Team A,0.9036,216,74,358,536
194,6.69,53,Team A,0.9446,563,196,756,535
194,6.69,55,Team A,0.8578,835,417,932,538
194,6.69,56,Team A,0.8552,325,79,519,535
195,6.72,41,Team A,0.3617,421,65,592,507
195,6.72,43,Team A,0.9414,23,117,229,535
195,6.72,52,Team A,0.8905,219,75,366,535
195,6.72,53,Team A,0.9433,562,200,750,535
195,6.72,55,Team A,0.8539,837,414,934,538
195,6.72,56,Team B,0.8314,332,85,515,535
196,6.76,41,Team A,0.517,434,72,588,526
196,6.76,43,Team A,0.9391,25,118,233,535
196,6.76,52,Team A,0.9198,214,76,357,535
196,6.76,53,Team A,0.9416,563,201,745,534
196,6.76,55,Team A,0.8592,837,411,935,538
196,6.76,56,Team A,0.8564,328,87,518,535
197,6.79,43,Team A,0.9407,25,117,237,535
197,6.79,52,Team A,0.9163,211,78,364,535
197,6.79,53,Team A,0.9448,563,200,740,534
197,6.79,55,Team A,0.8674,839,408,937,537
197,6.79,56,Team A,0.8482,336,87,521,535
198,6.83,43,Team A,0.9123,27,114,202,535
198,6.83,52,Team A,0.7597,201,81,367,535
198,6.83,53,Team A,0.9433,562,199,735,534
198,6.83,55,Team A,0.8719,841,407,940,538
198,6.83,56,Team B,0.6659,338,105,554,534
198,6.83,57,Team A,0.8756,514,151,624,534
199,6.86,43,Team A,0.932,27,111,240,535
199,6.86,52,Team A,0.9191,199,84,383,534
199,6.86,53,Team A,0.9373,561,199,731,534
199,6.86,55,Team A,0.8637,842,406,944,538
199,6.86,56,Team B,0.8307,370,78,528,534
199,6.86,57,Team B,0.8418,508,151,622,534
200,6.9,43,Team A,0.8921,27,109,244,535
200,6.9,52,Team A,0.9224,194,86,382,533
200,6.9,53,Team A,0.9343,559,200,728,534
200,6.9,55,Team A,0.8518,844,406,945,537
200,6.9,56,Team B,0.8202,368,69,528,535
200,6.9,57,Team B,0.5853,501,149,617,535
201,6.93,43,Team A,0.8781,38,110,247,535
201,6.93,52,Team A,0.9057,192,89,377,534
201,6.93,53,Team A,0.9343,558,200,720,534
201,6.93,55,Team A,0.8567,847,405,947,538
201,6.93,56,Team B,0.8226,361,68,524,533
201,6.93,57,Team B,0.6822,449,143,614,535
202,6.97,43,Team A,0.8891,62,110,215,535
202,6.97,52,Team A,0.8923,189,90,371,534
202,6.97,53,Team A,0.94,556,199,715,535
202,6.97,55,Team A,0.8567,850,405,952,537
202,6.97,56,Team B,0.8432,362,71,524,532
202,6.97,57,Team B,0.8897,485,137,614,536
203,7.0,43,Team A,0.7101,82,108,216,534
203,7.0,52,Team A,0.8787,195,94,377,534
203,7.0,53,Team A,0.9391,552,199,708,535
203,7.0,55,Team A,0.859,852,407,952,537
203,7.0,56,Team B,0.8352,363,75,522,531
203,7.0,57,Team B,0.8898,477,136,610,536
204,7.03,43,Team A,0.8756,102,109,217,535
204,7.03,52,Team A,0.8772,194,96,371,532
204,7.03,53,Team A,0.9321,545,200,700,535
204,7.03,55,Team A,0.8533,854,408,952,537
204,7.03,56,Team B,0.7963,364,80,512,531
204,7.03,57,Team B,0.863,466,136,599,536
205,7.07,43,Team A,0.8069,112,108,221,535
205,7.07,52,Team A,0.8642,197,96,371,533
205,7.07,53,Team A,0.9378,541,202,696,535
205,7.07,55,Team A,0.8615,856,408,954,537
205,7.07,56,Team B,0.8431,373,92,506,533
205,7.07,57,Team B,0.8492,469,138,587,536
206,7.1,43,Team A,0.895,110,109,253,535
206,7.1,52,Team A,0.8572,205,95,387,532
206,7.1,53,Team A,0.9328,537,204,690,535
206,7.1,55,Team A,0.8607,859,407,956,537
206,7.1,56,Team B,0.8143,379,93,504,533
206,7.1,57,Team B,0.7745,455,141,573,536
206,7.1,62,Team A,0.7424,539,85,629,262
207,7.14,43,Team A,0.9147,102,113,257,534
207,7.14,52,Team A,0.8772,239,93,404,534
207,7.14,53,Team A,0.9408,534,207,683,535
207,7.14,55,Team A,0.8638,862,407,958,538
207,7.14,56,Team B,0.6822,379,94,493,533
207,7.14,57,Team B,0.6487,440,154,561,535
207,7.14,62,Team A,0.6572,528,86,641,272
208,7.17,43,Team A,0.7662,99,111,258,534
208,7.17,52,Team A,0.8566,237,91,374,534
208,7.17,53,Team A,0.9286,530,208,674,535
208,7.17,55,Team A,0.8858,863,404,958,537
208,7.17,56,Team B,0.682,343,87,493,529
208,7.17,57,Team B,0.8738,430,146,561,536
208,7.17,62,Team A,0.8575,527,86,648,270
209,7.21,43,Team A,0.9183,91,113,259,535
209,7.21,52,Team A,0.8952,238,91,370,534
209,7.21,53,Team A,0.9275,524,211,663,535
209,7.21,55,Team A,0.8921,866,402,959,537
209,7.21,56,Team B,0.7128,353,158,450,530
209,7.21,57,Team B,0.8619,417,145,551,536
209,7.21,62,Team A,0.8641,528,90,656,273
209,7.21,64,Team A,0.6178,0,408,17,531
210,7.24,43,Team A,0.897,81,113,262,535
210,7.24,52,Team A,0.8927,233,92,379,533
210,7.24,53,Team A,0.9245,520,214,661,535
210,7.24,55,Team A,0.899,869,400,959,538
210,7.24,56,Team B,0.3616,353,123,460,525
210,7.24,57,Team B,0.7023,388,133,543,536
210,7.24,62,Team A,0.8502,533,92,661,274
210,7.24,64,Team A,0.36,0,408,18,534
211,7.28,43,Team A,0.9392,71,113,249,535
211,7.28,52,Team A,0.9047,227,93,382,533
211,7.28,53,Team A,0.9187,513,217,659,535
211,7.28,55,Team A,0.8968,870,399,959,538
211,7.28,57,Team B,0.819,378,144,535,536
211,7.28,62,Team A,0.8291,535,92,665,277
211,7.28,64,Team A,0.3211,0,405,16,535
212,7.31,43,Team A,0.9396,68,113,252,536
212,7.31,52,Team A,0.8742,222,96,390,533
212,7.31,53,Team A,0.9205,512,218,657,535
212,7.31,55,Team A,0.8205,871,398,960,537
212,7.31,57,Team B,0.8621,355,146,531,535
212,7.31,62,Team A,0.5152,533,93,671,274
213,7.34,43,Team A,0.9371,64,114,256,535
213,7.34,52,Team A,0.8931,213,98,387,533
213,7.34,53,Team A,0.9178,509,218,653,535
213,7.34,55,Team A,0.847,872,396,960,537
213,7.34,57,Team B,0.8406,355,120,533,534
213,7.34,62,Team A,0.5179,530,94,676,274
214,7.38,43,Team A,0.9406,61,114,262,535
214,7.38,52,Team A,0.9164,203,101,384,533
214,7.38,53,Team A,0.9171,504,219,653,535
214,7.38,55,Team A,0.8357,871,396,960,538
214,7.38,57,Team B,0.9147,357,138,510,535
214,7.38,62,Team A,0.3486,558,93,679,277
215,7.41,43,Team A,0.9498,58,110,263,535
215,7.41,52,Team A,0.9364,194,103,376,534
215,7.41,53,Team A,0.8999,495,218,642,534
215,7.41,55,Team A,0.8075,864,396,959,537
215,7.41,57,Team B,0.8843,359,140,497,535
215,7.41,62,Team A,0.4393,565,87,679,283
216,7.45,43,Team A,0.9444,61,109,264,536
216,7.45,52,Team A,0.9268,200,103,367,534
216,7.45,53,Team A,0.9129,490,216,635,534
216,7.45,55,Team A,0.8809,870,396,960,537
216,7.45,57,Team B,0.812,354,136,480,536
216,7.45,62,Team A,0.7953,568,78,680,362
217,7.48,43,Team A,0.9344,64,108,263,535
217,7.48,52,Team A,0.8996,189,101,363,533
217,7.48,53,Team A,0.9069,477,215,637,534
217,7.48,55,Team A,0.8498,869,398,960,537
217,7.48,57,Team B,0.7804,348,138,469,535
217,7.48,62,Team A,0.6864,568,70,679,326
218,7.52,43,Team A,0.9357,66,108,264,534
218,7.52,52,Team A,0.877,192,97,354,531
218,7.52,53,Team A,0.885,467,217,631,535
218,7.52,55,Team A,0.9039,865,398,959,538
218,7.52,57,Team B,0.5215,337,98,465,536
218,7.52,62,Team A,0.7887,567,68,678,340
219,7.55,43,Team A,0.9204,69,110,266,534
219,7.55,52,Team A,0.8772,196,95,342,533
219,7.55,53,Team A,0.8859,458,218,634,535
219,7.55,55,Team A,0.9071,863,398,959,538
219,7.55,57,Team A,0.801,314,87,466,535
219,7.55,62,Team A,0.46,565,67,678,333
220,7.59,43,Team A,0.8956,74,107,267,535
220,7.59,52,Team A,0.876,203,91,334,532
220,7.59,53,Team A,0.8783,446,214,635,534
220,7.59,55,Team A,0.8997,862,399,959,538
220,7.59,57,Team B,0.8448,305,130,444,536
220,7.59,65,Team A,0.9011,680,189,880,537
221,7.62,43,Team A,0.8989,67,108,258,535
221,7.62,52,Team A,0.8583,209,91,327,531
221,7.62,53,Team A,0.9204,440,216,615,535
221,7.62,55,Team A,0.8953,859,401,959,538
221,7.62,57,Team B,0.8968,301,136,431,536
221,7.62,65,Team A,0.8664,655,170,833,531
222,7.66,43,Team A,0.892,50,108,243,534
222,7.66,52,Team A,0.8629,203,89,323,531
222,7.66,53,Team A,0.9024,428,217,609,534
222,7.66,55,Team A,0.9045,857,402,959,538
222,7.66,57,Team A,0.8623,282,89,420,535
222,7.66,65,Team A,0.8558,620,174,807,513
223,7.69,43,Team A,0.6506,34,109,257,535
223,7.69,52,Team A,0.8078,196,88,316,532
223,7.69,53,Team A,0.9119,415,220,604,534
223,7.69,55,Team A,0.9037,855,403,959,538
223,7.69,57,Team B,0.8319,271,131,408,534
223,7.69,65,Team B,0.7039,628,171,787,511
223,7.69,66,Team A,0.8029,555,87,678,500
224,7.72,43,Team A,0.8312,21,110,266,535
224,7.72,52,Team A,0.7971,188,88,302,528
224,7.72,53,Team A,0.9171,410,218,601,535
224,7.72,55,Team A,0.9023,855,402,959,538
224,7.72,57,Team B,0.8575,255,135,407,535
224,7.72,65,Team B,0.8026,632,165,770,513
224,7.72,66,Team A,0.7323,560,108,663,525
225,7.76,43,Team A,0.7535,16,110,240,535
225,7.76,52,Team A,0.8909,182,87,302,530
225,7.76,53,Team A,0.8986,406,221,597,534
225,7.76,55,Team A,0.9065,856,400,960,539
225,7.76,57,Team B,0.8736,252,136,409,535
225,7.76,65,Team B,0.7054,596,151,739,515
225,7.76,66,Team A,0.4053,559,118,663,524
226,7.79,43,Team A,0.9066,9,111,188,535
226,7.79,52,Team B,0.894,173,89,293,532
226,7.79,53,Team A,0.9184,396,225,593,534
226,7.79,55,Team A,0.9087,858,397,960,538
226,7.79,57,Team B,0.8428,246,135,410,535
226,7.79,65,Team A,0.8884,548,123,711,532
227,7.83,43,Team A,0.9359,2,110,191,535
227,7.83,52,Team B,0.8971,160,91,281,533
227,7.83,53,Team A,0.9147,395,227,590,534
227,7.83,55,Team A,0.912,858,394,959,538
227,7.83,57,Team B,0.894,235,133,410,537
227,7.83,65,Team A,0.9056,534,124,696,524
228,7.86,43,Team A,0.9128,1,108,179,535
228,7.86,52,Team B,0.8807,150,91,271,533
228,7.86,53,Team A,0.9147,390,228,583,535
228,7.86,55,Team A,0.9083,860,391,960,537
228,7.86,57,Team B,0.8776,224,132,410,536
228,7.86,65,Team A,0.892,528,132,690,532
229,7.9,43,Team A,0.8795,0,108,148,535
229,7.9,52,Team B,0.8794,136,92,263,532
229,7.9,53,Team A,0.8945,386,229,575,534
229,7.9,55,Team A,0.9088,861,389,960,538
229,7.9,57,Team B,0.8374,206,135,418,535
229,7.9,65,Team A,0.8211,521,165,656,529
230,7.93,43,Team A,0.8673,4,106,132,533
230,7.93,52,Team B,0.8899,124,91,253,529
230,7.93,53,Team A,0.875,383,227,565,534
230,7.93,55,Team A,0.9099,860,387,960,537
230,7.93,57,Team B,0.8298,195,140,385,534
230,7.93,65,Team A,0.5989,510,168,633,530
231,7.97,43,Team A,0.9198,13,103,141,533
231,7.97,52,Team B,0.8789,115,90,245,533
231,7.97,53,Team A,0.8957,380,226,558,534
231,7.97,55,Team A,0.9128,860,385,959,537
231,7.97,57,Team B,0.8604,190,135,382,535
231,7.97,65,Team A,0.4441,497,135,615,531
232,8.0,43,Team A,0.93,9,105,135,534
232,8.0,52,Team B,0.899,108,89,240,534
232,8.0,53,Team A,0.9232,381,225,563,534
232,8.0,55,Team A,0.9111,859,384,959,538
232,8.0,57,Team B,0.8767,182,138,368,535
232,8.0,65,Team A,0.69,474,126,608,531
233,8.03,43,Team A,0.938,0,105,127,534
233,8.03,52,Team B,0.9034,100,88,232,535
233,8.03,53,Team A,0.9184,375,221,554,535
233,8.03,55,Team A,0.9118,859,382,959,537
233,8.03,57,Team B,0.8622,173,125,354,535
233,8.03,67,Team A,0.8398,579,111,725,464
234,8.07,43,Team A,0.9403,0,104,123,532
234,8.07,52,Team A,0.9009,93,83,224,534
234,8.07,53,Team A,0.8743,375,218,543,535
234,8.07,55,Team A,0.9107,860,381,960,537
234,8.07,57,Team B,0.8532,162,124,345,535
234,8.07,67,Team A,0.8352,575,97,744,488
234,8.07,65,Team A,0.8145,485,139,598,521
235,8.1,43,Team A,0.9429,0,103,118,532
235,8.1,52,Team B,0.9036,88,84,219,533
235,8.1,53,Team A,0.8929,374,215,537,535
235,8.1,55,Team A,0.917,861,382,960,537
235,8.1,57,Team B,0.813,159,123,336,535
235,8.1,67,Team A,0.8251,557,92,760,504
235,8.1,65,Team A,0.8676,486,137,597,517
236,8.14,43,Team A,0.9109,0,104,118,533
236,8.14,52,Team B,0.8797,84,87,215,526
236,8.14,53,Team A,0.8885,372,215,535,535
236,8.14,55,Team A,0.9191,863,382,960,537
236,8.14,57,Team B,0.8332,156,123,327,536
236,8.14,67,Team A,0.8516,547,91,769,522
236,8.14,65,Team A,0.8732,484,139,593,515
237,8.17,43,Team B,0.9364,0,104,131,534
237,8.17,52,Team B,0.8899,82,86,214,529
237,8.17,53,Team A,0.8906,369,213,529,535
237,8.17,55,Team A,0.9187,864,382,959,537
237,8.17,57,Team B,0.7301,154,128,317,535
237,8.17,67,Team A,0.8839,542,94,776,527
237,8.17,65,Team A,0.8918,479,137,589,508
238,8.21,43,Team A,0.8734,0,105,102,532
238,8.21,52,Team B,0.8833,79,83,203,533
238,8.21,53,Team A,0.912,363,213,515,535
238,8.21,55,Team A,0.9155,865,383,959,537
238,8.21,57,Team B,0.8209,164,123,304,534
238,8.21,67,Team A,0.8668,533,92,782,525
238,8.21,65,Team A,0.8685,470,141,585,517
239,8.24,43,Team A,0.9215,0,107,91,531
239,8.24,52,Team B,0.8945,77,82,212,534
239,8.24,53,Team A,0.9197,360,213,506,535
239,8.24,55,Team A,0.9071,867,384,959,538
239,8.24,57,Team B,0.8556,161,123,293,535
239,8.24,67,Team A,0.8464,564,96,788,503
239,8.24,65,Team A,0.9043,468,140,582,528
240,8.28,43,Team A,0.9057,0,108,88,530
240,8.28,52,Team B,0.8956,67,83,209,533
240,8.28,53,Team A,0.8687,344,214,499,534
240,8.28,55,Team A,0.9127,869,385,959,537
240,8.28,57,Team B,0.8906,152,124,290,534
240,8.28,67,Team A,0.895,562,98,796,498
240,8.28,65,Team A,0.8644,461,138,578,527
241,8.31,43,Team B,0.8864,0,110,86,530
241,8.31,52,Team B,0.8885,61,82,201,533
241,8.31,53,Team A,0.8669,341,217,495,535
241,8.31,55,Team A,0.9114,870,386,960,537
241,8.31,57,Team B,0.868,139,125,284,536
241,8.31,67,Team A,0.8891,585,98,813,497
241,8.31,65,Team A,0.879,438,134,577,528
242,8.34,43,Team B,0.8454,0,110,82,529
242,8.34,52,Team B,0.8771,54,85,193,531
242,8.34,53,Team A,0.8417,343,218,492,535
242,8.34,55,Team A,0.9053,872,386,960,537
242,8.34,57,Team B,0.8288,132,125,278,535
242,8.34,67,Team A,0.8625,629,96,828,497
242,8.34,65,Team A,0.8131,446,133,573,511
243,8.38,43,Team B,0.5343,0,110,81,456
243,8.38,52,Team B,0.8732,50,88,181,524
243,8.38,53,Team A,0.8719,342,217,480,535
243,8.38,55,Team A,0.9017,874,385,959,537
243,8.38,57,Team B,0.8435,127,128,282,535
243,8.38,67,Team A,0.9122,628,103,834,494
243,8.38,65,Team A,0.8332,452,126,569,521
244,8.41,43,Team B,0.8067,0,109,80,433
244,8.41,52,Team B,0.8799,21,91,176,529
244,8.41,53,Team A,0.8785,338,211,470,535
244,8.41,55,Team A,0.9006,874,383,959,537
244,8.41,57,Team B,0.8528,117,128,256,534
244,8.41,67,Team A,0.9182,627,88,838,487
244,8.41,65,Team A,0.8779,450,123,567,520
245,8.45,43,Team B,0.7407,0,107,73,478
245,8.45,52,Team B,0.8452,18,94,157,534
245,8.45,53,Team A,0.9027,334,217,463,535
245,8.45,55,Team A,0.9009,873,379,959,537
245,8.45,57,Team B,0.8741,113,127,259,535
245,8.45,67,Team A,0.9396,622,86,842,493
245,8.45,65,Team A,0.8991,438,124,565,521
246,8.48,43,Team B,0.7154,0,104,71,514
246,8.48,52,Team B,0.8988,1,96,147,534
246,8.48,53,Team A,0.9082,331,216,462,535
246,8.48,55,Team A,0.8987,872,377,959,536
246,8.48,57,Team B,0.8613,115,129,249,534
246,8.48,67,Team A,0.9397,613,86,846,493
246,8.48,65,Team A,0.8905,434,117,565,521
247,8.52,43,Team B,0.6483,0,105,66,475
247,8.52,52,Team B,0.9235,0,100,139,536
247,8.52,53,Team A,0.8995,330,215,463,536
247,8.52,55,Team A,0.9027,871,377,959,537
247,8.52,57,Team B,0.8974,120,124,244,535
247,8.52,67,Team A,0.8489,607,89,849,489
247,8.52,65,Team A,0.8525,429,120,580,521
248,8.55,43,Team B,0.6335,0,106,65,486
248,8.55,52,Team B,0.9,0,104,134,532
248,8.55,53,Team A,0.9,328,217,457,535
248,8.55,55,Team A,0.912,871,375,959,537
248,8.55,57,Team B,0.8952,117,123,245,536
248,8.55,67,Team A,0.9094,618,78,850,487
248,8.55,65,Team A,0.869,430,120,598,520
248,8.55,72,Team A,0.7432,254,123,412,532
249,8.59,43,Team B,0.6047,0,106,63,519
249,8.59,52,Team B,0.9302,0,107,130,535
249,8.59,53,Team A,0.8962,326,216,456,536
249,8.59,55,Team A,0.9071,871,374,959,537
249,8.59,57,Team B,0.8982,115,122,244,535
249,8.59,67,Team A,0.8664,602,94,854,490
249,8.59,65,Team A,0.8882,406,127,607,519
249,8.59,72,Team A,0.783,246,126,384,528
249,8.59,73,Team A,0.8631,183,83,302,521
250,8.62,43,Team B,0.5968,0,110,58,526
250,8.62,52,Team B,0.8844,6,110,119,534
250,8.62,53,Team A,0.886,325,216,454,536
250,8.62,55,Team A,0.9108,872,373,959,537
250,8.62,57,Team B,0.8955,115,125,245,534
250,8.62,67,Team A,0.9001,627,102,861,492
250,8.62,65,Team A,0.9027,425,124,614,521
250,8.62,72,Team A,0.8707,240,129,377,527
250,8.62,73,Team A,0.8491,188,90,302,519
251,8.66,52,Team B,0.932,0,111,113,533
251,8.66,53,Team A,0.8369,314,217,455,536
251,8.66,55,Team A,0.9154,874,373,960,537
251,8.66,57,Team B,0.8922,112,126,243,532
251,8.66,67,Team A,0.8771,670,108,867,492
251,8.66,65,Team A,0.9011,423,129,608,519
251,8.66,72,Team A,0.8464,237,128,374,528
251,8.66,73,Team A,0.8751,195,95,302,520
252,8.69,52,Team B,0.9318,0,112,109,533
252,8.69,53,Team A,0.8792,316,218,464,536
252,8.69,55,Team A,0.9077,876,373,960,537
252,8.69,57,Team B,0.8728,109,123,236,532
252,8.69,67,Team A,0.8797,753,113,877,491
252,8.69,65,Team A,0.9211,423,128,596,515
252,8.69,72,Team A,0.8676,231,126,370,528
252,8.69,73,Team A,0.865,192,101,300,520
253,8.72,52,Team B,0.916,0,111,106,530
253,8.72,53,Team A,0.9113,317,216,471,536
253,8.72,55,Team A,0.8627,877,374,960,537
253,8.72,57,Team B,0.8916,108,126,237,531
253,8.72,67,Team A,0.9044,767,114,893,490
253,8.72,65,Team A,0.9161,418,130,594,512
253,8.72,72,Team A,0.85,230,126,370,522
253,8.72,73,Team A,0.8772,199,101,299,512
253,8.72,74,Team A,0.7806,348,110,427,287
254,8.76,52,Team B,0.9114,0,112,103,526
254,8.76,53,Team A,0.8842,308,218,481,536
254,8.76,55,Team A,0.8708,882,373,960,537
254,8.76,57,Team B,0.8928,107,127,236,530
254,8.76,67,Team A,0.8754,766,109,906,489
254,8.76,65,Team A,0.9086,426,124,590,510
254,8.76,72,Team B,0.8791,228,127,371,527
254,8.76,73,Team A,0.8547,192,105,297,512
254,8.76,74,Team A,0.7751,352,114,432,291
255,8.79,52,Team B,0.9035,0,113,103,510
255,8.79,53,Team A,0.8995,314,219,489,536
255,8.79,55,Team A,0.8789,887,374,960,537
255,8.79,57,Team B,0.8845,99,128,235,528
255,8.79,67,Team A,0.9146,767,104,917,487
255,8.79,65,Team A,0.9164,433,112,590,508
255,8.79,72,Team B,0.8331,228,130,372,521
255,8.79,73,Team A,0.8666,185,103,298,516
255,8.79,74,Team A,0.7657,353,112,433,296
256,8.83,52,Team B,0.917,0,112,107,527
256,8.83,53,Team A,0.9388,315,222,497,536
256,8.83,55,Team A,0.8464,892,374,960,536
256,8.83,57,Team B,0.8857,101,126,235,527
256,8.83,67,Team A,0.9179,766,99,930,485
256,8.83,65,Team A,0.9284,436,111,592,508
256,8.83,72,Team B,0.7491,233,138,373,507
256,8.83,73,Team A,0.8524,181,104,298,514
256,8.83,74,Team A,0.7317,359,110,437,296
257,8.86,52,Team B,0.9332,0,118,109,532
257,8.86,53,Team A,0.927,311,223,508,535
257,8.86,55,Team A,0.8155,900,375,960,536
257,8.86,57,Team A,0.8938,95,127,237,526
257,8.86,67,Team A,0.9276,767,95,939,483
257,8.86,65,Team A,0.9208,444,111,596,509
257,8.86,72,Team A,0.7556,261,147,379,510
257,8.86,73,Team A,0.8557,180,103,303,511
257,8.86,74,Team A,0.6695,362,109,448,302
258,8.9,52,Team A,0.9313,0,117,119,531
258,8.9,53,Team A,0.9156,296,228,518,535
258,8.9,57,Team B,0.9184,109,127,239,525
258,8.9,67,Team A,0.8993,770,93,956,483
258,8.9,65,Team A,0.877,457,116,605,486
258,8.9,72,Team A,0.8366,268,158,380,506
258,8.9,73,Team A,0.8821,184,105,309,514
258,8.9,74,Team A,0.8079,368,111,463,304
259,8.93,52,Team A,0.9368,0,118,124,531
259,8.93,53,Team A,0.8988,318,230,526,535
259,8.93,57,Team B,0.8967,120,126,243,525
259,8.93,67,Team A,0.9051,776,94,960,477
259,8.93,65,Team A,0.8628,457,118,633,506
259,8.93,72,Team A,0.7854,270,166,386,516
259,8.93,73,Team A,0.8757,189,106,316,518
259,8.93,74,Team A,0.7168,371,113,457,305
260,8.97,52,Team A,0.9287,0,117,128,531
260,8.97,53,Team A,0.8969,323,233,533,535
260,8.97,57,Team B,0.8993,127,127,248,523
260,8.97,67,Team A,0.8715,781,91,960,478
260,8.97,65,Team A,0.8805,449,124,653,507
260,8.97,72,Team A,0.7824,274,180,381,529
260,8.97,73,Team A,0.8319,188,110,326,521
260,8.97,74,Team A,0.7836,375,117,462,307
261,9.0,52,Team A,0.9201,0,118,135,530
261,9.0,53,Team A,0.9064,333,236,538,535
261,9.0,57,Team A,0.8887,130,126,246,520
261,9.0,67,Team A,0.468,795,98,960,513
261,9.0,65,Team A,0.8862,456,132,667,507
261,9.0,72,Team A,0.8459,275,168,400,530
261,9.0,73,Team A,0.859,191,112,336,522
261,9.0,74,Team A,0.8176,386,122,467,310
